date,lat,lon,time
09/06/2018,51.4697374,-0.3583245,Midday
10/06/2018,51.427813,-0.101972,Early Morning
11/06/2018,51.4904471,-0.2772377,Evening
09/06/2018,51.5276501,-0.3389393,Afternoon Rush
10/06/2018,51.4848115,-0.1811672,Afternoon Rush
11/06/2018,51.4484455,-0.1992768,Afternoon Rush
09/06/2018,51.5527868,-0.0098128,Midday
10/06/2018,51.5174326,0.0149825,Midday
11/06/2018,51.498142,-0.0644671,Evening
09/06/2018,51.4227479,-0.4462423,Evening
10/06/2018,51.5409107,-0.1967427,Midday
11/06/2018,51.5904557,-0.1034463,Afternoon Rush
09/06/2018,51.5682512,0.2026648,Morning Rush
10/06/2018,51.4579512,-0.0131307,Afternoon Rush
11/06/2018,51.4205949,-0.2216915,Midday
09/06/2018,51.4697374,-0.3583245,Midday
10/06/2018,51.5189796,-0.16859,Morning Rush
11/06/2018,51.53584,-0.2204934,Midday
09/06/2018,51.554994,-0.074717,Midday
10/06/2018,51.50722,-0.1275,Midday
11/06/2018,51.5167512,-0.062343,Afternoon Rush
09/06/2018,51.4851766,-0.1743563,Afternoon Rush
10/06/2018,51.530727,-0.4183347,Morning Rush
11/06/2018,51.5908523,0.0826098,Afternoon Rush
09/06/2018,51.4632453,-0.2158717,Afternoon Rush
10/06/2018,51.5112079,-0.1193447,Midday
11/06/2018,51.5492629,0.1021538,Morning Rush
09/06/2018,51.5495958,-0.2221615,Afternoon Rush
10/06/2018,51.4069079,0.0264306,Midday
11/06/2018,51.4740395,-0.1477017,Evening
09/06/2018,51.4196959,-0.0806793,Morning Rush
10/06/2018,51.4347375,-0.0352035,Morning Rush
11/06/2018,51.5149226,-0.1448236,Midday
09/06/2018,51.496991,-0.1025916,Evening
10/06/2018,51.496991,-0.1025916,Evening
11/06/2018,51.5492629,0.1021538,Morning Rush
09/06/2018,51.5395446,0.1376789,Morning Rush
10/06/2018,51.5227912,-0.1712236,Midday
11/06/2018,51.5492629,0.1021538,Midday
09/06/2018,51.4652642,-0.1323223,Morning Rush
10/06/2018,51.4754609,-0.133151,Morning Rush
11/06/2018,51.3995468,-0.304858,Midday
09/06/2018,51.5758382,-0.0151075,Evening
10/06/2018,51.4462841,-0.3019054,Morning Rush
11/06/2018,51.5628636,0.0027378,Midday
09/06/2018,51.4486718,-0.1726312,Evening
10/06/2018,51.5282162,0.1059758,Midday
11/06/2018,51.5757636,-0.2041651,Early Morning
09/06/2018,51.496991,-0.1025916,Midday
10/06/2018,51.5204458,-0.0175687,Midday
11/06/2018,51.5031146,-0.2431833,Evening
09/06/2018,51.4998708,-0.1858888,Midday
10/06/2018,51.5141921,-0.4300307,Evening
11/06/2018,51.4808599,-0.4231366,Midday
09/06/2018,51.4761198,-0.3532215,Afternoon Rush
10/06/2018,51.4493611,-0.074535,Midday
11/06/2018,51.4603233,-0.0603926,Morning Rush
09/06/2018,51.3810677,-0.1717941,Midday
10/06/2018,51.519616,-0.1218432,Morning Rush
11/06/2018,51.464007,-0.3014498,Evening
09/06/2018,51.461311,-0.303742,Evening
10/06/2018,51.5757636,-0.2041651,Evening
11/06/2018,51.5611836,-0.1971136,Midday
09/06/2018,51.4997548,-0.0680069,Evening
10/06/2018,51.6515169,-0.0794567,Afternoon Rush
11/06/2018,51.583896,-0.1467726,Evening
09/06/2018,51.4808599,-0.4231366,Evening
10/06/2018,51.5340068,-0.2192881,Evening
11/06/2018,51.369703,-0.1027673,Evening
09/06/2018,51.5101602,-0.287387,Midday
10/06/2018,51.5101602,-0.287387,Midday
11/06/2018,51.481395,-0.2180887,Afternoon Rush
09/06/2018,51.4840259,-0.2070594,Morning Rush
10/06/2018,51.5632697,-0.3677128,Evening
11/06/2018,51.4973154,-0.0990542,Morning Rush
09/06/2018,51.4409636,-0.1869488,Evening
10/06/2018,51.5123373,-0.2249677,Midday
11/06/2018,51.4086385,-0.0595237,Midday
09/06/2018,51.5167977,-0.0810585,Afternoon Rush
10/06/2018,51.5294925,-0.179034,Midday
11/06/2018,51.5154539,-0.3037829,Afternoon Rush
09/06/2018,51.4851766,-0.1743563,Midday
10/06/2018,51.5567912,0.1889409,Midday
11/06/2018,51.5101602,-0.287387,Midday
09/06/2018,51.4533088,-0.1205905,Afternoon Rush
10/06/2018,51.5884783,-0.118536,Evening
11/06/2018,51.488956,-0.1504005,Midday
09/06/2018,51.6239766,-0.2871003,Midday
10/06/2018,51.4704175,-0.2440004,Midday
11/06/2018,51.5866593,-0.010024,Morning Rush
09/06/2018,51.6512595,-0.2159519,Midday
10/06/2018,51.3921705,-0.0341933,Evening
11/06/2018,51.4653416,-0.0311541,Morning Rush
09/06/2018,51.3625128,-0.118073,Midday
10/06/2018,51.5276501,-0.3389393,Midday
11/06/2018,51.5318236,-0.0903154,Midday
09/06/2018,51.396332,-0.2397965,Midday
10/06/2018,51.5213288,-0.168064,Midday
11/06/2018,51.5705582,-0.0960841,Afternoon Rush
09/06/2018,51.5705582,-0.0960841,Evening
10/06/2018,51.5147351,-0.2019432,Midday
11/06/2018,51.4813534,-0.2360018,Afternoon Rush
09/06/2018,51.5135323,-0.1363182,Midday
10/06/2018,51.496991,-0.1025916,Midday
11/06/2018,51.500276,-0.149099,Midday
09/06/2018,51.50722,-0.1275,Midday
10/06/2018,51.4704175,-0.2440004,Midday
11/06/2018,51.5149226,-0.1448236,Morning Rush
09/06/2018,51.5612551,-0.1368691,Midday
10/06/2018,51.5382356,-0.1420054,Afternoon Rush
11/06/2018,51.3904809,-0.1060317,Midday
09/06/2018,51.554994,-0.074717,Midday
10/06/2018,51.50722,-0.1275,Midday
11/06/2018,51.5101602,-0.287387,Evening
09/06/2018,51.6078336,-0.1640502,Midday
10/06/2018,51.577515,-0.106504,Midday
11/06/2018,51.6129362,-0.2768678,Morning Rush
09/06/2018,51.5904557,-0.1034463,Evening
10/06/2018,51.5778436,0.1860797,Midday
11/06/2018,51.5212019,-0.4633863,Midday
09/06/2018,51.5570443,-0.1184111,Afternoon Rush
10/06/2018,51.5705582,-0.0960841,Midday
11/06/2018,51.4430476,0.2142254,Midday
09/06/2018,51.4094079,-0.3030746,Midday
10/06/2018,51.4356225,-0.1066583,Afternoon Rush
11/06/2018,51.4747489,-0.0249658,Morning Rush
09/06/2018,51.464007,-0.3014498,Morning Rush
10/06/2018,51.5112079,-0.1193447,Afternoon Rush
11/06/2018,51.5299092,-0.1860307,Evening
09/06/2018,51.6176542,-0.3095408,Midday
10/06/2018,51.5608033,-0.1995342,Evening
11/06/2018,51.397144,-0.0852703,Midday
09/06/2018,51.3691775,-0.0978931,Afternoon Rush
10/06/2018,51.4990797,0.0060965,Afternoon Rush
11/06/2018,51.4493611,-0.074535,Morning Rush
09/06/2018,51.4637225,-0.1496897,Midday
10/06/2018,51.4722042,-0.1127279,Midday
11/06/2018,51.4498706,-0.0467182,Afternoon Rush
09/06/2018,51.496991,-0.1025916,Midday
10/06/2018,51.4749631,-0.0921476,Afternoon Rush
11/06/2018,51.4571291,-0.372425,Afternoon Rush
09/06/2018,51.5348575,0.0514763,Midday
10/06/2018,51.5443146,-0.2113465,Midday
11/06/2018,51.5101602,-0.287387,Evening
09/06/2018,51.4405972,0.0694855,Morning Rush
10/06/2018,51.45998,0.1531595,Evening
11/06/2018,51.5135323,-0.1363182,Midday
09/06/2018,51.3736667,-0.2330327,Morning Rush
10/06/2018,51.5136054,-0.0491965,Midday
11/06/2018,51.6178247,0.0005881,Evening
09/06/2018,51.5422761,-0.2355554,Midday
10/06/2018,51.5450806,-0.2182891,Midday
11/06/2018,51.5382356,-0.1420054,Early Morning
09/06/2018,51.5904557,-0.1034463,Midday
10/06/2018,51.5879739,-0.0583666,Evening
11/06/2018,51.496991,-0.1025916,Afternoon Rush
09/06/2018,51.5418206,0.0505307,Midday
10/06/2018,51.5419138,0.0242003,Midday
11/06/2018,51.485209,0.1563876,Midday
09/06/2018,51.4405003,-0.1516194,Midday
10/06/2018,51.555706,-0.17648,Afternoon Rush
11/06/2018,51.5979127,-0.1987678,Afternoon Rush
09/06/2018,51.5158524,-0.238288,Midday
10/06/2018,51.5004522,-0.2350711,Midday
11/06/2018,51.5845477,-0.2697043,Afternoon Rush
09/06/2018,51.4653351,-0.0267639,Afternoon Rush
10/06/2018,51.5942369,-0.4092921,Midday
11/06/2018,51.4433163,-0.0944596,Midday
09/06/2018,51.4579512,-0.0131307,Midday
10/06/2018,51.4579512,-0.0131307,Afternoon Rush
11/06/2018,51.5000323,-0.5638554,Midday
09/06/2018,51.4545465,-0.0966608,Morning Rush
10/06/2018,51.5685484,-0.0157462,Midday
11/06/2018,51.3647892,-0.1949929,Midday
09/06/2018,51.4579629,-0.1949489,Evening
10/06/2018,51.4704175,-0.2440004,Midday
11/06/2018,51.6512595,-0.2159519,Midday
09/06/2018,51.496991,-0.1025916,Morning Rush
10/06/2018,51.375798,-0.014861,Afternoon Rush
11/06/2018,51.47347,-0.12238,Evening
09/06/2018,51.609163,-0.153494,Afternoon Rush
10/06/2018,51.581025,-0.338719,Midday
11/06/2018,51.576846,-0.345091,Afternoon Rush
09/06/2018,51.5904557,-0.1034463,Midday
10/06/2018,51.5287766,0.03377,Midday
11/06/2018,51.5386579,0.0425779,Midday
09/06/2018,51.4409636,-0.1869488,Morning Rush
10/06/2018,51.5202997,-0.1339967,Afternoon Rush
11/06/2018,51.5112079,-0.1193447,Early Morning
09/06/2018,51.5033918,-0.3173404,Evening
10/06/2018,51.4949409,-0.1846011,Midday
11/06/2018,51.4763596,0.0154459,Morning Rush
09/06/2018,51.4977002,-0.4035156,Evening
10/06/2018,51.496991,-0.1025916,Afternoon Rush
11/06/2018,51.380573,-0.077443,Afternoon Rush
09/06/2018,51.4923037,0.0677857,Morning Rush
10/06/2018,51.4895572,0.1184857,Morning Rush
11/06/2018,51.424628,-0.3630299,Midday
09/06/2018,51.55794,-0.207767,Midday
10/06/2018,51.4575317,-0.1430639,Morning Rush
11/06/2018,51.4682221,-0.1187937,Midday
09/06/2018,51.4316046,0.0260832,Morning Rush
10/06/2018,51.5227488,-0.1064032,Midday
11/06/2018,51.4939493,-0.0916606,Morning Rush
09/06/2018,51.4711635,-0.1774239,Midday
10/06/2018,51.4493611,-0.074535,Afternoon Rush
11/06/2018,51.5687188,-0.1081065,Midday
09/06/2018,51.5254197,0.0655169,Evening
10/06/2018,51.5462922,-0.2383456,Early Morning
11/06/2018,51.5379522,-0.3013132,Morning Rush
09/06/2018,51.5343325,-0.34999,Midday
10/06/2018,51.4777435,0.0515065,Afternoon Rush
11/06/2018,51.5635025,-0.0586468,Morning Rush
09/06/2018,51.4851766,-0.1743563,Morning Rush
10/06/2018,51.4696862,-0.2101645,Midday
11/06/2018,51.5904557,-0.1034463,Morning Rush
09/06/2018,51.4998708,-0.1858888,Evening
10/06/2018,51.4249291,-0.1406544,Evening
11/06/2018,51.4924837,-0.137412,Morning Rush
09/06/2018,51.4000067,-0.2290089,Midday
10/06/2018,51.5564213,0.0652347,Midday
11/06/2018,51.3740076,-0.1936329,Midday
09/06/2018,51.5828117,-0.0182881,Midday
10/06/2018,51.4570873,-0.1656169,Morning Rush
11/06/2018,51.4927475,-0.1252182,Midday
09/06/2018,51.5343659,-0.1742287,Midday
10/06/2018,51.3942736,-0.3018218,Afternoon Rush
11/06/2018,51.6175007,-0.1808491,Afternoon Rush
09/06/2018,51.5512187,0.045739,Midday
10/06/2018,51.4191411,-0.0756208,Early Morning
11/06/2018,51.51897,-0.11889,Afternoon Rush
09/06/2018,51.3554615,-0.1880461,Afternoon Rush
10/06/2018,51.4896828,0.0847348,Midday
11/06/2018,51.5980617,-0.3293283,Evening
09/06/2018,51.562254,0.218605,Midday
10/06/2018,51.5563407,-0.1256519,Midday
11/06/2018,51.5904557,-0.1034463,Midday
09/06/2018,51.4792413,-0.0941685,Morning Rush
10/06/2018,51.496991,-0.1025916,Evening
11/06/2018,51.4691497,-0.1908273,Afternoon Rush
09/06/2018,51.4571291,-0.372425,Midday
10/06/2018,51.4722042,-0.1127279,Evening
11/06/2018,51.4722042,-0.1127279,Midday
09/06/2018,51.3304757,-0.1126748,Evening
10/06/2018,51.540588,-0.0782867,Midday
11/06/2018,51.4405972,0.0694855,Midday
09/06/2018,51.5531198,-0.2952046,Early Morning
10/06/2018,51.4704175,-0.2440004,Morning Rush
11/06/2018,51.5904557,-0.1034463,Midday
09/06/2018,51.446737,-0.403969,Midday
10/06/2018,51.4415283,-0.1248256,Evening
11/06/2018,51.4738891,-0.0684374,Midday
09/06/2018,51.496991,-0.1025916,Early Morning
10/06/2018,51.51352,-0.005578,Midday
11/06/2018,51.5398261,-0.1248492,Midday
09/06/2018,51.5478561,-0.1605106,Evening
10/06/2018,51.472603,-0.453178,Midday
11/06/2018,51.546324,-0.24984,Early Morning
09/06/2018,51.4846097,-0.1758684,Early Morning
10/06/2018,51.5164907,-0.0940443,Midday
11/06/2018,51.3898224,-0.2979364,Evening
09/06/2018,51.4722042,-0.1127279,Midday
10/06/2018,51.496991,-0.1025916,Evening
11/06/2018,51.4715335,-0.030349,Early Morning
09/06/2018,51.5308579,-0.0401927,Afternoon Rush
10/06/2018,51.4738891,-0.0684374,Midday
11/06/2018,51.4228425,-0.0768351,Afternoon Rush
09/06/2018,51.4228425,-0.0768351,Afternoon Rush
10/06/2018,51.6854571,-0.0248346,Midday
11/06/2018,51.4486718,-0.1726312,Afternoon Rush
09/06/2018,51.5371821,-0.1395841,Evening
10/06/2018,51.3963785,-0.106261,Afternoon Rush
11/06/2018,51.47347,-0.12238,Morning Rush
09/06/2018,51.5343659,-0.1742287,Afternoon Rush
10/06/2018,51.4777435,0.0515065,Morning Rush
11/06/2018,51.503559,0.119933,Afternoon Rush
09/06/2018,51.496991,-0.1025916,Afternoon Rush
10/06/2018,51.5434163,-0.1174761,Midday
11/06/2018,51.5722092,-0.1998773,Midday
09/06/2018,51.36038,-0.15081,Morning Rush
10/06/2018,51.527785,-0.0208724,Evening
11/06/2018,51.5759524,-0.2223992,Afternoon Rush
09/06/2018,51.5409107,-0.1967427,Midday
10/06/2018,51.4972967,-0.1369785,Midday
11/06/2018,51.4603687,0.0497309,Afternoon Rush
09/06/2018,51.5904557,-0.1034463,Afternoon Rush
10/06/2018,51.6000741,-0.1675733,Morning Rush
11/06/2018,51.4659945,-0.1250528,Midday
09/06/2018,51.4579512,-0.0131307,Midday
10/06/2018,51.405788,-0.1292017,Midday
11/06/2018,51.5904557,-0.1034463,Afternoon Rush
09/06/2018,51.4952778,-0.062722,Afternoon Rush
10/06/2018,51.406493,-0.3363279,Midday
11/06/2018,51.4629268,-0.2265511,Morning Rush
09/06/2018,51.4923511,-0.0662168,Evening
10/06/2018,51.4792413,-0.0941685,Morning Rush
11/06/2018,51.4855634,-0.0703596,Midday
09/06/2018,51.5182163,-0.3316738,Afternoon Rush
10/06/2018,51.4983359,-0.2223715,Afternoon Rush
11/06/2018,51.5030099,-0.1157921,Midday
09/06/2018,51.49916,-0.30157,Afternoon Rush
10/06/2018,51.6170521,-0.2611545,Morning Rush
11/06/2018,51.630881,-0.1832835,Midday
09/06/2018,51.5070079,-0.0946922,Morning Rush
10/06/2018,51.3783326,-0.0902305,Midday
11/06/2018,51.6108359,-0.4415331,Midday
09/06/2018,51.5570443,-0.1184111,Afternoon Rush
10/06/2018,51.5705582,-0.0960841,Midday
11/06/2018,51.442024,-0.124359,Midday
09/06/2018,51.4603233,-0.0603926,Evening
10/06/2018,51.4833722,-0.0537399,Afternoon Rush
11/06/2018,51.5024427,-0.110216,Morning Rush
09/06/2018,51.4570337,-0.1938952,Afternoon Rush
10/06/2018,51.4267396,-0.169365,Midday
11/06/2018,51.4618534,-0.2055491,Midday
09/06/2018,51.4971983,-0.1589768,Morning Rush
10/06/2018,51.4993148,-0.3057881,Midday
11/06/2018,51.4267396,-0.169365,Morning Rush
09/06/2018,51.545421,-0.237403,Afternoon Rush
10/06/2018,51.5083356,-0.154349,Midday
11/06/2018,51.4870641,0.0653036,Morning Rush
09/06/2018,51.547037,-0.0511173,Morning Rush
10/06/2018,51.5721478,-0.1244123,Midday
11/06/2018,51.4886638,-0.2891598,Afternoon Rush
09/06/2018,51.4094079,-0.3030746,Afternoon Rush
10/06/2018,51.4851612,-0.1194777,Morning Rush
11/06/2018,51.42476,-0.059399,Midday
09/06/2018,51.5908523,0.0826098,Midday
10/06/2018,51.4328137,-0.1636795,Evening
11/06/2018,51.516,-0.1451,Midday
09/06/2018,51.508039,-0.128069,Afternoon Rush
10/06/2018,51.5904557,-0.1034463,Afternoon Rush
11/06/2018,51.5838724,0.1639421,Afternoon Rush
09/06/2018,51.5073509,-0.1277583,Afternoon Rush
10/06/2018,51.5610756,-0.1089253,Midday
11/06/2018,51.4823872,-0.1128696,Morning Rush
09/06/2018,51.5836095,-0.096297,Midday
10/06/2018,51.495076,-0.099071,Afternoon Rush
11/06/2018,51.5267769,-0.1324905,Afternoon Rush
09/06/2018,51.5030099,-0.1157921,Midday
10/06/2018,51.42453,-0.163372,Evening
11/06/2018,51.5319861,-0.2109066,Afternoon Rush
09/06/2018,51.4191859,-0.2001305,Evening
10/06/2018,51.5739509,-0.2217732,Midday
11/06/2018,51.5191342,-0.0971097,Midday
09/06/2018,51.5227912,-0.1712236,Afternoon Rush
10/06/2018,51.496991,-0.1025916,Afternoon Rush
11/06/2018,51.4722042,-0.1127279,Midday
09/06/2018,51.486112,-0.108178,Midday
10/06/2018,51.6353158,-0.0507768,Midday
11/06/2018,51.5762104,-0.0209114,Midday
09/06/2018,51.4855634,-0.0703596,Midday
10/06/2018,51.4603233,-0.0603926,Evening
11/06/2018,51.3736667,-0.2330327,Midday
09/06/2018,51.4480052,-0.1367427,Midday
10/06/2018,51.5201215,-0.1427236,Midday
11/06/2018,51.533761,-0.2257629,Evening
09/06/2018,51.4517864,0.0754258,Midday
10/06/2018,51.5138557,-0.075803,Afternoon Rush
11/06/2018,51.3724077,-0.1647947,Morning Rush
09/06/2018,51.4993829,-0.1976709,Midday
10/06/2018,51.5846,-0.0669518,Evening
11/06/2018,51.5902193,-0.1393719,Midday
09/06/2018,51.4191859,-0.2001305,Midday
10/06/2018,51.4925695,-0.1742798,Afternoon Rush
11/06/2018,51.4493331,0.0204837,Midday
09/06/2018,51.5167512,-0.062343,Early Morning
10/06/2018,51.4730465,-0.0550556,Midday
11/06/2018,51.429755,-0.1323576,Evening
09/06/2018,51.4316043,0.1252832,Midday
10/06/2018,51.5481714,-0.1300147,Morning Rush
11/06/2018,51.4349427,-0.0412524,Midday
09/06/2018,51.5635025,-0.0586468,Evening
10/06/2018,51.5706881,-0.024361,Early Morning
11/06/2018,51.5164907,-0.0940443,Midday
09/06/2018,51.4533088,-0.1205905,Midday
10/06/2018,51.4635178,-0.1332395,Midday
11/06/2018,51.5580026,0.0753635,Afternoon Rush
09/06/2018,51.361267,-0.192264,Midday
10/06/2018,51.5459123,-0.2516676,Afternoon Rush
11/06/2018,51.5422724,-0.1224187,Midday
09/06/2018,51.5149226,-0.1448236,Morning Rush
10/06/2018,51.5267769,-0.1324905,Morning Rush
11/06/2018,51.5612551,-0.1368691,Midday
09/06/2018,51.5666957,-0.2119411,Afternoon Rush
10/06/2018,51.5393222,-0.0141286,Afternoon Rush
11/06/2018,51.4299306,0.0435751,Afternoon Rush
09/06/2018,51.4948251,0.1211679,Afternoon Rush
10/06/2018,51.4752488,-0.0132098,Midday
11/06/2018,51.5484621,-0.0753937,Evening
09/06/2018,51.5004522,-0.2350711,Evening
10/06/2018,51.50944,-0.13733,Midday
11/06/2018,51.4761198,-0.3532215,Afternoon Rush
09/06/2018,51.4993829,-0.1976709,Midday
10/06/2018,51.444055,-0.020264,Midday
11/06/2018,51.4616056,-0.1736544,Afternoon Rush
09/06/2018,51.4650644,-0.1590676,Midday
10/06/2018,51.5201215,-0.1427236,Evening
11/06/2018,51.5149226,-0.1448236,Evening
09/06/2018,51.5149226,-0.1448236,Midday
10/06/2018,51.5492629,0.1021538,Midday
11/06/2018,51.575666,-0.198171,Evening
09/06/2018,51.54559,-0.22165,Evening
10/06/2018,51.5544706,-0.2167641,Midday
11/06/2018,51.4880166,0.0696251,Afternoon Rush
09/06/2018,51.51356,-0.090711,Afternoon Rush
10/06/2018,51.5154539,-0.3037829,Early Morning
11/06/2018,51.6522994,-0.0807119,Midday
09/06/2018,51.5464558,-0.0812023,Morning Rush
10/06/2018,51.5784404,-0.1536866,Morning Rush
11/06/2018,51.5164907,-0.0940443,Midday
09/06/2018,51.5570443,-0.1184111,Midday
10/06/2018,51.4738557,-0.1646818,Afternoon Rush
11/06/2018,51.3843665,-0.1903271,Early Morning
09/06/2018,51.5178274,0.0321034,Afternoon Rush
10/06/2018,51.4650644,-0.1590676,Midday
11/06/2018,51.4466495,-0.2409121,Midday
09/06/2018,51.4409636,-0.1869488,Midday
10/06/2018,51.500654,-0.235605,Evening
11/06/2018,51.5202997,-0.1339967,Evening
09/06/2018,51.5893292,-0.1082987,Midday
10/06/2018,51.5482302,-0.0025153,Morning Rush
11/06/2018,51.5906601,-0.2095131,Evening
09/06/2018,51.4931294,0.160191,Morning Rush
10/06/2018,51.4704175,-0.2440004,Midday
11/06/2018,51.5278965,-0.015745,Midday
09/06/2018,51.5154291,-0.1188796,Evening
10/06/2018,51.554994,-0.074717,Midday
11/06/2018,51.50722,-0.1275,Midday
09/06/2018,51.47347,-0.12238,Midday
10/06/2018,51.5281344,-0.3545989,Morning Rush
11/06/2018,51.4983359,-0.2223715,Midday
09/06/2018,51.5038855,-0.2206328,Afternoon Rush
10/06/2018,51.5101602,-0.287387,Evening
11/06/2018,51.4295456,-0.1315739,Midday
09/06/2018,51.509961,0.0262241,Midday
10/06/2018,51.4629268,-0.2265511,Midday
11/06/2018,51.4545465,-0.0966608,Afternoon Rush
09/06/2018,51.3787903,-0.1017109,Early Morning
10/06/2018,51.3585911,-0.030483,Midday
11/06/2018,51.3831187,-0.1374393,Morning Rush
09/06/2018,51.3544142,-0.0963944,Morning Rush
10/06/2018,51.378766,-0.1011623,Afternoon Rush
11/06/2018,51.378766,-0.1011623,Afternoon Rush
09/06/2018,51.4613989,-0.0469141,Midday
10/06/2018,51.5101628,-0.0121373,Midday
11/06/2018,51.4632453,-0.2158717,Midday
09/06/2018,51.5073,-0.12755,Evening
10/06/2018,51.5137859,-0.130116,Midday
11/06/2018,51.516356,-0.150225,Morning Rush
09/06/2018,51.5189796,-0.16859,Afternoon Rush
10/06/2018,51.5129766,-0.128096,Midday
11/06/2018,51.5904557,-0.1034463,Midday
09/06/2018,51.5611836,-0.1971136,Midday
10/06/2018,51.4988733,-0.1336205,Midday
11/06/2018,51.5112684,-0.123038,Midday
09/06/2018,51.5709902,-0.1396062,Midday
10/06/2018,51.4820137,0.0421131,Morning Rush
11/06/2018,51.4801638,-0.1962955,Afternoon Rush
09/06/2018,51.55804,0.10838904,Midday
10/06/2018,51.60413,-0.06469,Midday
11/06/2018,51.5791747,0.1817349,Afternoon Rush
09/06/2018,51.5101602,-0.287387,Midday
10/06/2018,51.5092588,-0.1965628,Morning Rush
11/06/2018,51.4722042,-0.1127279,Midday
09/06/2018,51.4267396,-0.169365,Midday
10/06/2018,51.496991,-0.1025916,Evening
11/06/2018,51.4792413,-0.0941685,Midday
09/06/2018,51.3736667,-0.2330327,Midday
10/06/2018,51.4792828,-0.1197906,Early Morning
11/06/2018,51.551112,-0.0046228,Midday
09/06/2018,51.4481698,-0.2223111,Morning Rush
10/06/2018,51.5189796,-0.16859,Evening
11/06/2018,51.6179867,-0.2253319,Midday
09/06/2018,51.4498706,-0.0467182,Midday
10/06/2018,51.5073,-0.12755,Midday
11/06/2018,51.5454571,-0.141545,Afternoon Rush
09/06/2018,51.5227488,-0.1064032,Midday
10/06/2018,51.5800787,0.1793839,Afternoon Rush
11/06/2018,51.4094079,-0.3030746,Evening
09/06/2018,51.4533088,-0.1205905,Midday
10/06/2018,51.4445145,-0.0516779,Evening
11/06/2018,51.5270488,-0.055496,Midday
09/06/2018,51.5902028,-0.0170448,Afternoon Rush
10/06/2018,51.5757636,-0.2041651,Evening
11/06/2018,51.5860968,-0.2655059,Midday
09/06/2018,51.5905429,-0.1626891,Midday
10/06/2018,51.5862929,-0.0871491,Midday
11/06/2018,51.5298416,0.1384548,Evening
09/06/2018,51.5101602,-0.287387,Evening
10/06/2018,51.509151,-0.083189,Midday
11/06/2018,51.4493611,-0.074535,Afternoon Rush
09/06/2018,51.592618,-0.287885,Midday
10/06/2018,51.5613977,-0.2557734,Midday
11/06/2018,51.5398261,-0.1248492,Midday
09/06/2018,51.5904557,-0.1034463,Evening
10/06/2018,51.542141,-0.055278,Midday
11/06/2018,51.583896,-0.1467726,Afternoon Rush
09/06/2018,51.5904557,-0.1034463,Midday
10/06/2018,51.546324,-0.24984,Afternoon Rush
11/06/2018,51.5181199,-0.2111263,Midday
09/06/2018,51.4579512,-0.0131307,Afternoon Rush
10/06/2018,51.5722283,0.141995,Afternoon Rush
11/06/2018,51.5754784,0.0435973,Early Morning
09/06/2018,51.495076,-0.099071,Midday
10/06/2018,51.4595718,-0.203961,Midday
11/06/2018,51.5051083,-0.0178481,Midday
09/06/2018,51.6306315,0.0158703,Midday
10/06/2018,51.5960901,-0.0064546,Midday
11/06/2018,51.5445812,-0.2608324,Morning Rush
09/06/2018,51.5308579,-0.0401927,Midday
10/06/2018,51.4043633,-0.3041783,Midday
11/06/2018,51.4732351,-0.1216686,Midday
09/06/2018,51.5457863,-0.3414345,Early Morning
10/06/2018,51.4065336,-0.1827256,Midday
11/06/2018,51.495076,-0.099071,Midday
09/06/2018,51.51745,-0.15538,Morning Rush
10/06/2018,51.5149195,-0.1917965,Afternoon Rush
11/06/2018,51.636479,-0.0674332,Midday
09/06/2018,51.3706652,-0.2078867,Afternoon Rush
10/06/2018,51.5423188,-0.1557706,Morning Rush
11/06/2018,51.462046,0.1106432,Morning Rush
09/06/2018,51.5149226,-0.1448236,Midday
10/06/2018,51.4086385,-0.0595237,Evening
11/06/2018,51.52639,-0.312462,Midday
09/06/2018,51.5069515,-0.1360202,Midday
10/06/2018,51.4840259,-0.2070594,Morning Rush
11/06/2018,51.4944878,-0.2303757,Midday
09/06/2018,51.4801638,-0.1962955,Morning Rush
10/06/2018,51.5073509,-0.1277583,Midday
11/06/2018,51.4732351,-0.1216686,Morning Rush
09/06/2018,51.4973154,-0.0990542,Evening
10/06/2018,51.4855634,-0.0703596,Midday
11/06/2018,51.4927574,-0.0476965,Morning Rush
09/06/2018,51.5350054,-0.0700985,Morning Rush
10/06/2018,51.5024427,-0.110216,Evening
11/06/2018,51.5763589,-0.2236956,Evening
09/06/2018,51.3595352,0.0737066,Midday
10/06/2018,51.5961713,-0.1019737,Midday
11/06/2018,51.5965155,-0.3355175,Afternoon Rush
09/06/2018,51.5810004,-0.3392733,Afternoon Rush
10/06/2018,51.530965,-0.2686757,Afternoon Rush
11/06/2018,51.5213288,-0.168064,Midday
09/06/2018,51.47347,-0.12238,Afternoon Rush
10/06/2018,51.5459123,-0.2516676,Morning Rush
11/06/2018,51.5325988,0.015124,Evening
09/06/2018,51.5689989,0.0236649,Midday
10/06/2018,51.4762648,-0.0871271,Early Morning
11/06/2018,51.495076,-0.099071,Afternoon Rush
09/06/2018,51.5324534,0.0910179,Evening
10/06/2018,51.5432291,-0.0890937,Midday
11/06/2018,51.3595352,0.0737066,Morning Rush
09/06/2018,51.5481714,-0.1300147,Midday
10/06/2018,51.475583,0.086361,Evening
11/06/2018,51.4594122,-0.1038738,Morning Rush
09/06/2018,51.6250811,-0.0607804,Midday
10/06/2018,51.6253439,-0.0584293,Midday
11/06/2018,51.6360089,-0.0515004,Midday
09/06/2018,51.5038855,-0.2206328,Midday
10/06/2018,51.5632697,-0.3677128,Morning Rush
11/06/2018,51.5564213,0.0652347,Midday
09/06/2018,51.6130542,0.1190544,Midday
10/06/2018,51.5125987,-0.1300571,Midday
11/06/2018,51.5270488,-0.055496,Midday
09/06/2018,51.4484455,-0.1992768,Evening
10/06/2018,51.4528698,-0.1935908,Midday
11/06/2018,51.5202997,-0.1339967,Early Morning
09/06/2018,51.5945442,-0.284354,Midday
10/06/2018,51.5070079,-0.0946922,Midday
11/06/2018,51.5101602,-0.287387,Evening
09/06/2018,51.4829331,0.082483,Evening
10/06/2018,51.49521,0.0114861,Midday
11/06/2018,51.5635025,-0.0586468,Midday
09/06/2018,51.484399,-0.3935787,Midday
10/06/2018,51.5686949,-0.1188106,Afternoon Rush
11/06/2018,51.5721191,-0.1252123,Midday
09/06/2018,51.5573776,-0.1138923,Evening
10/06/2018,51.5104846,0.0766217,Midday
11/06/2018,51.42453,-0.163372,Evening
09/06/2018,51.53584,-0.2204934,Evening
10/06/2018,51.5904557,-0.1034463,Midday
11/06/2018,51.464007,-0.3014498,Midday
09/06/2018,51.4940128,-0.1767028,Afternoon Rush
10/06/2018,51.4722042,-0.1127279,Afternoon Rush
11/06/2018,51.4133848,-0.2131321,Midday
09/06/2018,51.5275902,-0.0231065,Midday
10/06/2018,51.485043,-0.110856,Midday
11/06/2018,51.6434023,-0.1651856,Afternoon Rush
09/06/2018,51.6034198,-0.2379741,Morning Rush
10/06/2018,51.4998509,-0.0871711,Morning Rush
11/06/2018,51.4904471,-0.2772377,Midday
09/06/2018,51.525402,-0.435382,Afternoon Rush
10/06/2018,51.5784404,-0.1536866,Midday
11/06/2018,51.4892277,-0.0962758,Midday
09/06/2018,51.423522,-0.2109356,Midday
10/06/2018,51.4999389,-0.2648664,Midday
11/06/2018,51.4113192,0.0265379,Midday
09/06/2018,51.4942419,-0.0850787,Evening
10/06/2018,51.5904557,-0.1034463,Afternoon Rush
11/06/2018,51.4795257,0.0277174,Midday
09/06/2018,51.496991,-0.1025916,Midday
10/06/2018,51.5353887,-0.0891613,Midday
11/06/2018,51.4637225,-0.1496897,Midday
09/06/2018,51.5184777,-0.0304789,Midday
10/06/2018,51.5750608,-0.1403936,Morning Rush
11/06/2018,51.535759,-0.1929766,Midday
09/06/2018,51.4941909,0.0632807,Afternoon Rush
10/06/2018,51.5418925,-0.0552366,Morning Rush
11/06/2018,51.5846,-0.0669518,Midday
09/06/2018,51.4703819,-0.1609195,Midday
10/06/2018,51.4994656,0.0023381,Midday
11/06/2018,51.5291522,-0.0951597,Midday
09/06/2018,51.4988733,-0.1336205,Midday
10/06/2018,51.5164907,-0.0940443,Afternoon Rush
11/06/2018,51.5209184,-0.1569368,Afternoon Rush
09/06/2018,51.5422761,-0.2355554,Midday
10/06/2018,51.4387933,0.0912896,Midday
11/06/2018,51.3823984,0.0998248,Afternoon Rush
09/06/2018,51.5530494,-0.1335937,Evening
10/06/2018,51.5009563,-0.1125251,Afternoon Rush
11/06/2018,51.5196722,-0.3386291,Midday
09/06/2018,51.5462086,-0.0624274,Midday
10/06/2018,51.5904557,-0.1034463,Evening
11/06/2018,51.5892163,-0.1581504,Midday
09/06/2018,51.4722042,-0.1127279,Midday
10/06/2018,51.4392,0.0054405,Midday
11/06/2018,51.4603233,-0.0603926,Midday
09/06/2018,51.4780368,-0.0837153,Midday
10/06/2018,51.496991,-0.1025916,Morning Rush
11/06/2018,51.5083356,-0.154349,Afternoon Rush
09/06/2018,51.4972967,-0.1369785,Afternoon Rush
10/06/2018,51.4722042,-0.1127279,Midday
11/06/2018,51.4939493,-0.0916606,Midday
09/06/2018,51.4220777,-0.0519615,Midday
10/06/2018,51.5068948,-0.1385122,Evening
11/06/2018,51.5904557,-0.1034463,Afternoon Rush
09/06/2018,51.4952605,-0.1829272,Midday
10/06/2018,51.5845477,-0.2697043,Afternoon Rush
11/06/2018,51.5581682,-0.40856,Midday
09/06/2018,51.4124075,-0.2093686,Evening
10/06/2018,51.5325988,0.015124,Evening
11/06/2018,51.4892277,-0.0962758,Midday
09/06/2018,51.4493611,-0.074535,Midday
10/06/2018,51.4746704,-0.1543763,Midday
11/06/2018,51.4991195,-0.1644394,Midday
09/06/2018,51.427186,-0.1896447,Afternoon Rush
10/06/2018,51.4749631,-0.0921476,Evening
11/06/2018,51.3797645,-0.2016084,Evening
09/06/2018,51.3648023,-0.1922293,Midday
10/06/2018,51.5759524,-0.2223992,Midday
11/06/2018,51.5141155,-0.0863325,Midday
09/06/2018,51.4191859,-0.2001305,Midday
10/06/2018,51.5135987,-0.3924769,Evening
11/06/2018,51.6196308,-0.1151069,Midday
09/06/2018,51.5246777,-0.0808492,Early Morning
10/06/2018,51.4697259,-0.4185119,Midday
11/06/2018,51.4786563,-0.3829947,Midday
09/06/2018,51.48641,-0.15926,Evening
10/06/2018,51.5418142,-0.0848499,Evening
11/06/2018,51.43361,-0.257451,Midday
09/06/2018,51.5942099,-0.1506284,Midday
10/06/2018,51.4949409,-0.1846011,Afternoon Rush
11/06/2018,51.4732898,-0.0435757,Afternoon Rush
09/06/2018,51.4328969,-0.2242151,Evening
10/06/2018,51.5727188,0.0258159,Midday
11/06/2018,51.5209184,-0.1569368,Midday
09/06/2018,51.4088134,-0.0402407,Evening
10/06/2018,51.5904557,-0.1034463,Afternoon Rush
11/06/2018,51.6081393,-0.2883625,Evening
09/06/2018,51.4579512,-0.0131307,Midday
10/06/2018,51.4740395,-0.1477017,Afternoon Rush
11/06/2018,51.5422724,-0.1224187,Evening
09/06/2018,51.5459123,-0.2516676,Afternoon Rush
10/06/2018,51.5843898,-0.2645756,Midday
11/06/2018,51.471743,-0.0795328,Morning Rush
09/06/2018,51.518855,-0.111659,Midday
10/06/2018,51.4851766,-0.1743563,Evening
11/06/2018,51.481215,0.07158,Afternoon Rush
09/06/2018,51.527281,-0.164235,Afternoon Rush
10/06/2018,51.50722,-0.1275,Afternoon Rush
11/06/2018,51.5487022,-0.1526484,Midday
09/06/2018,51.4311462,-0.0015694,Morning Rush
10/06/2018,51.444055,-0.020264,Midday
11/06/2018,51.496991,-0.1025916,Afternoon Rush
09/06/2018,51.4721453,-0.0682453,Midday
10/06/2018,51.5100209,-0.0101886,Morning Rush
11/06/2018,51.4409636,-0.1869488,Morning Rush
09/06/2018,51.45047,-0.22237,Afternoon Rush
10/06/2018,51.5137859,-0.130116,Midday
11/06/2018,51.4752475,-0.038952,Midday
09/06/2018,51.5665015,-0.2381901,Afternoon Rush
10/06/2018,51.5278965,-0.015745,Morning Rush
11/06/2018,51.528182,-0.0234971,Midday
09/06/2018,51.5101602,-0.287387,Midday
10/06/2018,51.5178866,-0.0898442,Evening
11/06/2018,51.6502648,-0.0634124,Evening
09/06/2018,51.5227912,-0.1712236,Afternoon Rush
10/06/2018,51.5904557,-0.1034463,Morning Rush
11/06/2018,51.5083479,-0.1517039,Midday
09/06/2018,51.55202,-0.11025834,Evening
10/06/2018,51.4959135,-0.1442459,Early Morning
11/06/2018,51.5123373,-0.2249677,Midday
09/06/2018,51.636479,-0.0674332,Evening
10/06/2018,51.6081393,-0.2883625,Afternoon Rush
11/06/2018,51.5636423,-0.0611888,Midday
09/06/2018,51.49916,-0.30157,Evening
10/06/2018,51.4643946,0.0948653,Midday
11/06/2018,51.4795819,0.1833793,Midday
09/06/2018,51.5156056,-0.0842214,Midday
10/06/2018,51.4923254,-0.2241726,Afternoon Rush
11/06/2018,51.4923254,-0.2241726,Afternoon Rush
09/06/2018,51.4923254,-0.2241726,Midday
10/06/2018,51.500388,-0.235455,Afternoon Rush
11/06/2018,51.5134357,-0.2323103,Afternoon Rush
09/06/2018,51.4923254,-0.2241726,Evening
10/06/2018,51.4923254,-0.2241726,Early Morning
11/06/2018,51.4923254,-0.2241726,Evening
09/06/2018,51.4923254,-0.2241726,Evening
10/06/2018,51.5892163,-0.1581504,Midday
11/06/2018,51.5904557,-0.1034463,Morning Rush
09/06/2018,51.6976528,-0.197867,Morning Rush
10/06/2018,51.5170206,-0.1490959,Midday
11/06/2018,51.5011356,-0.0505523,Midday
09/06/2018,51.4681953,-0.3668824,Afternoon Rush
10/06/2018,51.4445854,-0.0233787,Evening
11/06/2018,51.4225981,-0.1925622,Midday
09/06/2018,51.4855634,-0.0703596,Evening
10/06/2018,51.4927574,-0.0476965,Morning Rush
11/06/2018,51.463401,-0.0734662,Afternoon Rush
09/06/2018,51.5768423,-0.2133947,Evening
10/06/2018,51.5614536,-0.2456825,Afternoon Rush
11/06/2018,51.4126623,-0.0677951,Midday
09/06/2018,51.4086385,-0.0595237,Midday
10/06/2018,51.5454571,-0.141545,Midday
11/06/2018,51.6502648,-0.0634124,Afternoon Rush
09/06/2018,51.4949409,-0.1846011,Midday
10/06/2018,51.5010377,-0.4252201,Afternoon Rush
11/06/2018,51.4752475,-0.038952,Midday
09/06/2018,51.44212,-0.002,Morning Rush
10/06/2018,51.4011269,-0.1895542,Afternoon Rush
11/06/2018,51.496991,-0.1025916,Midday
09/06/2018,51.377347,-0.177826,Afternoon Rush
10/06/2018,51.5149226,-0.1448236,Afternoon Rush
11/06/2018,51.5049822,-0.1265712,Midday
09/06/2018,51.5049822,-0.1265712,Evening
10/06/2018,51.5083356,-0.154349,Early Morning
11/06/2018,51.5893292,-0.1082987,Afternoon Rush
09/06/2018,51.560859,-0.3280989,Midday
10/06/2018,51.5604313,-0.2357729,Midday
11/06/2018,51.535453,-0.2438445,Afternoon Rush
09/06/2018,51.4126623,-0.0677951,Midday
10/06/2018,51.4851612,-0.1194777,Midday
11/06/2018,51.557419,-0.335671,Midday
09/06/2018,51.557419,-0.335671,Midday
10/06/2018,51.557419,-0.335671,Midday
11/06/2018,51.557419,-0.335671,Midday
09/06/2018,51.5343659,-0.1742287,Midday
10/06/2018,51.4750526,-0.1867403,Midday
11/06/2018,51.6055717,-0.0603877,Morning Rush
09/06/2018,51.5864407,-0.3070083,Midday
10/06/2018,51.5621415,-0.1170687,Evening
11/06/2018,51.4925695,-0.1742798,Afternoon Rush
09/06/2018,51.4574567,-0.0349792,Midday
10/06/2018,51.5501741,-0.003371,Midday
11/06/2018,51.5828117,-0.0182881,Midday
09/06/2018,51.506147,-0.3038944,Midday
10/06/2018,51.516356,-0.150225,Midday
11/06/2018,51.4948678,-0.1462265,Morning Rush
09/06/2018,51.624186,-0.173192,Evening
10/06/2018,51.5260286,-0.2050146,Evening
11/06/2018,51.2820112,-0.078123,Midday
09/06/2018,51.47347,-0.12238,Midday
10/06/2018,51.5418925,-0.0552366,Midday
11/06/2018,51.58879,-0.0634168,Afternoon Rush
09/06/2018,51.4998509,-0.0871711,Afternoon Rush
10/06/2018,51.4415283,-0.1248256,Midday
11/06/2018,51.5131099,-0.1589148,Afternoon Rush
09/06/2018,51.5189796,-0.16859,Midday
10/06/2018,51.5409107,-0.1967427,Midday
11/06/2018,51.4704175,-0.2440004,Midday
09/06/2018,51.6229497,-0.1222434,Midday
10/06/2018,51.53644,-0.09452,Midday
11/06/2018,51.4769316,-0.1822798,Evening
09/06/2018,51.5422288,0.0810492,Midday
10/06/2018,51.5552586,-0.2501015,Midday
11/06/2018,51.5238238,-0.126911,Evening
09/06/2018,51.4425129,-0.115468,Midday
10/06/2018,51.5824166,-0.0997148,Midday
11/06/2018,51.60197,-0.05391,Morning Rush
09/06/2018,51.5221667,-0.1249807,Evening
10/06/2018,51.5450014,-0.1583455,Midday
11/06/2018,51.5152649,-0.0717748,Morning Rush
09/06/2018,51.516356,-0.150225,Midday
10/06/2018,51.5492629,0.1021538,Midday
11/06/2018,51.5400244,-0.1866086,Morning Rush
09/06/2018,51.5167977,-0.0810585,Midday
10/06/2018,51.4904471,-0.2772377,Midday
11/06/2018,51.5276501,-0.3389393,Midday
09/06/2018,51.5158261,-0.3082965,Evening
10/06/2018,51.5705582,-0.0960841,Midday
11/06/2018,51.4197866,-0.1322187,Morning Rush
09/06/2018,51.475891,-0.033443,Afternoon Rush
10/06/2018,51.4200179,-0.1762188,Morning Rush
11/06/2018,51.4138516,-0.0516529,Evening
09/06/2018,51.3803117,-0.1844186,Midday
10/06/2018,51.4495683,-0.0128036,Midday
11/06/2018,51.427306,-0.195672,Afternoon Rush
09/06/2018,51.4914566,-0.1110403,Morning Rush
10/06/2018,51.5264423,-0.2583327,Afternoon Rush
11/06/2018,51.5167977,-0.0810585,Afternoon Rush
09/06/2018,51.5070079,-0.0946922,Afternoon Rush
10/06/2018,51.5276501,-0.3389393,Early Morning
11/06/2018,51.4772408,-0.0150966,Morning Rush
09/06/2018,51.5149226,-0.1448236,Midday
10/06/2018,51.5391264,-0.1008688,Midday
11/06/2018,51.5578469,-0.179914,Afternoon Rush
09/06/2018,51.507309,-0.128012,Midday
10/06/2018,51.4249291,-0.1406544,Midday
11/06/2018,51.3832257,-0.2145757,Midday
09/06/2018,51.5249063,-0.2923589,Morning Rush
10/06/2018,51.6160886,-0.0754251,Morning Rush
11/06/2018,51.4983359,-0.2223715,Afternoon Rush
09/06/2018,51.5260286,-0.2050146,Morning Rush
10/06/2018,51.5465861,-0.1039196,Morning Rush
11/06/2018,51.4965005,-0.2106881,Evening
09/06/2018,51.4232141,-0.1222895,Morning Rush
10/06/2018,51.496991,-0.1025916,Midday
11/06/2018,51.495076,-0.099071,Midday
09/06/2018,51.4650644,-0.1590676,Midday
10/06/2018,51.5422724,-0.1224187,Evening
11/06/2018,51.5416639,-0.2353665,Evening
09/06/2018,51.4089108,0.1071926,Midday
10/06/2018,51.4893747,-0.1743057,Morning Rush
11/06/2018,51.4894131,-0.0566208,Evening
09/06/2018,51.5642986,-0.0013957,Evening
10/06/2018,51.5395187,-0.1024406,Morning Rush
11/06/2018,51.5395187,-0.1024406,Afternoon Rush
09/06/2018,51.5119044,0.0268949,Evening
10/06/2018,51.5123373,-0.2249677,Midday
11/06/2018,51.5481714,-0.1300147,Evening
09/06/2018,51.5904557,-0.1034463,Midday
10/06/2018,51.5570443,-0.1184111,Evening
11/06/2018,51.6076035,0.0202373,Midday
09/06/2018,51.53584,-0.2204934,Evening
10/06/2018,51.5564134,-0.146276,Midday
11/06/2018,51.5088407,-0.1320137,Midday
09/06/2018,51.3750349,-0.0761666,Afternoon Rush
10/06/2018,51.596473,-0.107484,Midday
11/06/2018,51.5178866,-0.0898442,Midday
09/06/2018,51.6502648,-0.0634124,Early Morning
10/06/2018,51.497529,-0.103219,Afternoon Rush
11/06/2018,51.497529,-0.103219,Afternoon Rush
09/06/2018,51.4415283,-0.1248256,Afternoon Rush
10/06/2018,51.6064183,-0.2710676,Midday
11/06/2018,51.556756,-0.2152576,Midday
09/06/2018,51.5864407,-0.3070083,Morning Rush
10/06/2018,51.5278965,-0.015745,Midday
11/06/2018,51.4993148,-0.3057881,Afternoon Rush
09/06/2018,51.4995572,0.0925474,Morning Rush
10/06/2018,51.5862929,-0.0871491,Morning Rush
11/06/2018,51.4191859,-0.2001305,Midday
09/06/2018,51.453545,-0.429084,Midday
10/06/2018,51.50722,-0.1275,Midday
11/06/2018,51.5131954,-0.129287,Midday
09/06/2018,51.5343196,-0.1092637,Afternoon Rush
10/06/2018,51.4914566,-0.1110403,Afternoon Rush
11/06/2018,51.5508827,-0.234828,Midday
09/06/2018,51.4986905,-0.0259228,Morning Rush
10/06/2018,51.4622219,-0.1673114,Midday
11/06/2018,51.4484455,-0.1992768,Evening
09/06/2018,51.4524424,-0.2298485,Morning Rush
10/06/2018,51.5155998,-0.1275993,Midday
11/06/2018,51.5478561,-0.1605106,Morning Rush
09/06/2018,51.4650144,-0.0243941,Midday
10/06/2018,51.5570443,-0.1184111,Midday
11/06/2018,51.4993829,-0.1976709,Midday
09/06/2018,51.4503195,-0.0021962,Midday
10/06/2018,51.491772,-0.2533096,Midday
11/06/2018,51.5879739,-0.0583666,Early Morning
09/06/2018,51.5696148,-0.1892005,Midday
10/06/2018,51.554715,0.058862,Early Morning
11/06/2018,51.4572149,-0.4112796,Afternoon Rush
09/06/2018,51.496991,-0.1025916,Afternoon Rush
10/06/2018,51.495076,-0.099071,Afternoon Rush
11/06/2018,51.4895168,-0.088004,Evening
09/06/2018,51.496991,-0.1025916,Midday
10/06/2018,51.5935727,-0.0266141,Midday
11/06/2018,51.540775,0.098267,Midday
09/06/2018,51.5282162,0.1059758,Afternoon Rush
10/06/2018,51.4704175,-0.2440004,Afternoon Rush
11/06/2018,51.6544624,-0.2015928,Early Morning
09/06/2018,51.5319861,-0.2109066,Midday
10/06/2018,51.5369644,-0.2432206,Midday
11/06/2018,51.377764,0.1015735,Evening
09/06/2018,51.4405003,-0.1516194,Midday
10/06/2018,51.5481714,-0.1300147,Evening
11/06/2018,51.5034702,-0.0915216,Morning Rush
09/06/2018,51.5459123,-0.2516676,Midday
10/06/2018,51.5705582,-0.0960841,Early Morning
11/06/2018,51.5675339,-0.1334567,Midday
09/06/2018,51.4255978,-0.1308087,Morning Rush
10/06/2018,51.4722042,-0.1127279,Midday
11/06/2018,51.4445854,-0.0233787,Midday
09/06/2018,51.444055,-0.020264,Midday
10/06/2018,51.4749631,-0.0921476,Afternoon Rush
11/06/2018,51.4650644,-0.1590676,Midday
09/06/2018,51.5904557,-0.1034463,Evening
10/06/2018,51.5444566,-0.2610634,Midday
11/06/2018,51.4228425,-0.0768351,Early Morning
09/06/2018,51.3148559,0.0300367,Early Morning
10/06/2018,51.5415849,-0.264025,Midday
11/06/2018,51.5174971,-0.0900038,Midday
09/06/2018,51.557419,-0.335671,Morning Rush
10/06/2018,51.557419,-0.335671,Morning Rush
11/06/2018,51.6244879,-0.0694722,Evening
09/06/2018,51.4629149,0.0269983,Evening
10/06/2018,51.4507618,0.0561553,Midday
11/06/2018,51.3729684,-0.304822,Morning Rush
09/06/2018,51.444055,-0.020264,Midday
10/06/2018,51.5418206,0.0505307,Midday
11/06/2018,51.5459123,-0.2516676,Afternoon Rush
09/06/2018,51.3655415,-0.159952,Afternoon Rush
10/06/2018,51.6034,0.018375,Morning Rush
11/06/2018,51.4746704,-0.1543763,Evening
09/06/2018,51.4267396,-0.169365,Midday
10/06/2018,51.5189796,-0.16859,Midday
11/06/2018,51.497223,-0.14604777,Midday
09/06/2018,51.5131099,-0.1589148,Midday
10/06/2018,51.5109662,-0.1277776,Midday
11/06/2018,51.5904557,-0.1034463,Midday
09/06/2018,51.5129766,-0.128096,Evening
10/06/2018,51.5299692,-0.1386917,Midday
11/06/2018,51.5404766,-0.193703,Midday
09/06/2018,51.4937823,0.0630409,Midday
10/06/2018,51.4066346,-0.1345259,Midday
11/06/2018,51.4697374,-0.3583245,Midday
09/06/2018,51.5462476,-0.1221853,Midday
10/06/2018,51.4722042,-0.1127279,Midday
11/06/2018,51.4414579,-0.0117006,Midday
09/06/2018,51.444055,-0.020264,Midday
10/06/2018,51.4282486,-0.1657151,Evening
11/06/2018,51.5136054,-0.0491965,Afternoon Rush
09/06/2018,51.4914566,-0.1110403,Afternoon Rush
10/06/2018,51.5904557,-0.1034463,Evening
11/06/2018,51.5255297,-0.0881803,Evening
09/06/2018,51.5101602,-0.287387,Midday
10/06/2018,51.5213288,-0.168064,Evening
11/06/2018,51.4011269,-0.1895542,Early Morning
09/06/2018,51.4746704,-0.1543763,Evening
10/06/2018,51.4603233,-0.0603926,Evening
11/06/2018,51.5904557,-0.1034463,Midday
09/06/2018,51.521401,-0.287741,Midday
10/06/2018,51.4786563,-0.3829947,Morning Rush
11/06/2018,51.3898224,-0.2979364,Midday
09/06/2018,51.4434263,-0.0152678,Evening
10/06/2018,51.5874426,-0.0780451,Afternoon Rush
11/06/2018,51.4622219,-0.1673114,Morning Rush
09/06/2018,51.5202997,-0.1339967,Early Morning
10/06/2018,51.5154291,-0.1188796,Midday
11/06/2018,51.5149226,-0.1448236,Afternoon Rush
09/06/2018,51.609163,-0.153494,Afternoon Rush
10/06/2018,51.5535323,-0.1616652,Midday
11/06/2018,51.5564134,-0.146276,Morning Rush
09/06/2018,51.5167977,-0.0810585,Morning Rush
10/06/2018,51.547037,-0.0511173,Early Morning
11/06/2018,51.547037,-0.0511173,Midday
09/06/2018,51.56578,-0.05591,Midday
10/06/2018,51.5784404,-0.1536866,Afternoon Rush
11/06/2018,51.5703382,0.1794394,Midday
09/06/2018,51.5487022,-0.1526484,Midday
10/06/2018,51.4722042,-0.1127279,Morning Rush
11/06/2018,51.434898,-0.01778,Midday
09/06/2018,51.49416,-0.54846,Morning Rush
10/06/2018,51.60397,-0.14609,Morning Rush
11/06/2018,51.4763596,0.0154459,Midday
09/06/2018,51.6544624,-0.2015928,Midday
10/06/2018,51.569237,-0.2947916,Midday
11/06/2018,51.5382356,-0.1420054,Afternoon Rush
09/06/2018,51.496991,-0.1025916,Midday
10/06/2018,51.4711851,-0.1195526,Evening
11/06/2018,51.58,-0.04,Morning Rush
09/06/2018,51.5129657,-0.306395,Midday
10/06/2018,51.6142879,-0.1257306,Midday
11/06/2018,51.496991,-0.1025916,Morning Rush
09/06/2018,51.50754,0.1082082,Morning Rush
10/06/2018,51.5123373,-0.2249677,Morning Rush
11/06/2018,51.5904557,-0.1034463,Morning Rush
09/06/2018,51.5462476,-0.1221853,Morning Rush
10/06/2018,51.482105,-0.135695,Morning Rush
11/06/2018,51.5706881,-0.024361,Morning Rush
09/06/2018,51.5422724,-0.1224187,Midday
10/06/2018,51.5768665,-0.2113984,Morning Rush
11/06/2018,51.4704175,-0.2440004,Midday
09/06/2018,51.4517864,0.0754258,Midday
10/06/2018,51.4182579,0.0675589,Afternoon Rush
11/06/2018,51.5371821,-0.1395841,Morning Rush
09/06/2018,51.5069515,-0.1360202,Midday
10/06/2018,51.588196,-0.359191,Afternoon Rush
11/06/2018,51.613735,-0.330856,Midday
09/06/2018,51.578488,-0.0669571,Evening
10/06/2018,51.5459123,-0.2516676,Morning Rush
11/06/2018,51.507309,-0.128012,Evening
09/06/2018,51.4415283,-0.1248256,Evening
10/06/2018,51.4715335,-0.030349,Afternoon Rush
11/06/2018,51.5418206,0.0505307,Morning Rush
09/06/2018,51.4695936,-0.0682137,Evening
10/06/2018,51.5869087,-0.215652,Midday
11/06/2018,51.5608421,-0.1631376,Afternoon Rush
09/06/2018,51.5239414,-0.0462241,Midday
10/06/2018,51.6155225,-0.0637465,Midday
11/06/2018,51.4843017,0.0019114,Evening
09/06/2018,51.5753872,-0.1079645,Afternoon Rush
10/06/2018,51.4191859,-0.2001305,Midday
11/06/2018,51.5092588,-0.1965628,Evening
09/06/2018,51.3972602,-0.2998403,Midday
10/06/2018,51.4722042,-0.1127279,Morning Rush
11/06/2018,51.4579512,-0.0131307,Midday
09/06/2018,51.4704175,-0.2440004,Evening
10/06/2018,51.4695936,-0.0682137,Midday
11/06/2018,51.4746704,-0.1543763,Afternoon Rush
09/06/2018,51.4409636,-0.1869488,Midday
10/06/2018,51.5611836,-0.1971136,Evening
11/06/2018,51.58,-0.04,Morning Rush
09/06/2018,51.5101602,-0.287387,Evening
10/06/2018,51.4514286,0.0329256,Evening
11/06/2018,51.6165797,-0.1788926,Evening
09/06/2018,51.5264736,-0.4604926,Midday
10/06/2018,51.5705582,-0.0960841,Afternoon Rush
11/06/2018,51.4952605,-0.1829272,Morning Rush
09/06/2018,51.4722042,-0.1127279,Midday
10/06/2018,51.4277453,-0.1046164,Evening
11/06/2018,51.5904557,-0.1034463,Midday
09/06/2018,51.4272399,-0.3303133,Afternoon Rush
10/06/2018,51.5928469,-0.0771441,Midday
11/06/2018,51.533761,-0.2257629,Midday
09/06/2018,51.4947527,-0.1416704,Evening
10/06/2018,51.4993148,-0.3057881,Afternoon Rush
11/06/2018,51.3782725,0.1013163,Morning Rush
09/06/2018,51.5202997,-0.1339967,Afternoon Rush
10/06/2018,51.3784356,-0.1025508,Midday
11/06/2018,51.4647982,-0.3691475,Evening
09/06/2018,51.4940128,-0.1767028,Evening
10/06/2018,51.4745762,-0.1322778,Morning Rush
11/06/2018,51.5287766,0.03377,Morning Rush
09/06/2018,51.5475268,0.0355317,Evening
10/06/2018,51.4758926,-0.1251159,Midday
11/06/2018,51.554994,-0.074717,Afternoon Rush
09/06/2018,51.50722,-0.1275,Afternoon Rush
10/06/2018,51.5270488,-0.055496,Evening
11/06/2018,51.5285991,-0.2014104,Afternoon Rush
09/06/2018,51.5149226,-0.1448236,Midday
10/06/2018,51.4431235,-0.1051136,Midday
11/06/2018,51.5492629,0.1021538,Evening
09/06/2018,51.543065,-0.0837345,Evening
10/06/2018,51.549949,-0.04286,Evening
11/06/2018,51.446737,-0.403969,Midday
09/06/2018,51.4579512,-0.0131307,Midday
10/06/2018,51.4972967,-0.1369785,Evening
11/06/2018,51.4191859,-0.2001305,Afternoon Rush
09/06/2018,51.4441045,-0.3651264,Morning Rush
10/06/2018,51.4746704,-0.1543763,Midday
11/06/2018,51.5123373,-0.2249677,Midday
09/06/2018,51.5552586,-0.2501015,Midday
10/06/2018,51.4993148,-0.3057881,Morning Rush
11/06/2018,51.38774,0.0363217,Midday
09/06/2018,51.4474458,-0.1848513,Afternoon Rush
10/06/2018,51.4794038,0.1035112,Midday
11/06/2018,51.546324,-0.24984,Afternoon Rush
09/06/2018,51.5705582,-0.0960841,Morning Rush
10/06/2018,51.4094079,-0.3030746,Evening
11/06/2018,51.4255978,-0.1308087,Midday
09/06/2018,51.4689781,-0.0131449,Afternoon Rush
10/06/2018,51.402854,-0.2096684,Midday
11/06/2018,51.491772,-0.2533096,Evening
09/06/2018,51.4409636,-0.1869488,Midday
10/06/2018,51.530965,-0.2686757,Evening
11/06/2018,51.5179545,-0.1277289,Midday
09/06/2018,51.506203,-0.14015049,Evening
10/06/2018,51.6600213,-0.0578064,Midday
11/06/2018,51.540588,-0.0782867,Midday
09/06/2018,51.5521552,-0.0375872,Evening
10/06/2018,51.4944424,-0.2165579,Midday
11/06/2018,51.5904557,-0.1034463,Midday
09/06/2018,51.5601515,0.1754271,Afternoon Rush
10/06/2018,51.5423879,-0.1064971,Afternoon Rush
11/06/2018,51.5418206,0.0505307,Midday
09/06/2018,51.6012949,-0.0814747,Evening
10/06/2018,51.5440115,-0.0698625,Midday
11/06/2018,51.5779242,0.0094095,Afternoon Rush
09/06/2018,51.4640164,-0.1700385,Afternoon Rush
10/06/2018,51.5211266,-0.2007322,Evening
11/06/2018,51.4948678,-0.1462265,Midday
09/06/2018,51.589079,-0.108005,Midday
10/06/2018,51.4704175,-0.2440004,Afternoon Rush
11/06/2018,51.5119213,-0.096925,Afternoon Rush
09/06/2018,51.4923037,0.0677857,Midday
10/06/2018,51.4993829,-0.1976709,Midday
11/06/2018,51.597901,-0.337076,Midday
09/06/2018,51.4834472,-0.3697588,Evening
10/06/2018,51.5904557,-0.1034463,Midday
11/06/2018,51.50648,-0.2080907,Afternoon Rush
09/06/2018,51.4124075,-0.2093686,Morning Rush
10/06/2018,51.5942099,-0.1506284,Midday
11/06/2018,51.580478,-0.1162698,Early Morning
09/06/2018,51.4722042,-0.1127279,Early Morning
10/06/2018,51.4249291,-0.1406544,Midday
11/06/2018,51.5475268,0.0355317,Evening
09/06/2018,51.4431235,-0.1051136,Morning Rush
10/06/2018,51.4860738,-0.1731617,Midday
11/06/2018,51.5049822,-0.1265712,Morning Rush
09/06/2018,51.527281,-0.164235,Afternoon Rush
10/06/2018,51.50722,-0.1275,Afternoon Rush
11/06/2018,51.5774653,-0.2189489,Morning Rush
09/06/2018,51.6100999,-0.1894926,Morning Rush
10/06/2018,51.5167965,0.0222535,Midday
11/06/2018,51.42879,-0.03478,Midday
09/06/2018,51.5038855,-0.2206328,Evening
10/06/2018,51.5791747,0.1817349,Midday
11/06/2018,51.5261285,-0.210031,Evening
09/06/2018,51.4255978,-0.1308087,Midday
10/06/2018,51.5509646,-0.2528761,Midday
11/06/2018,51.4486718,-0.1726312,Midday
09/06/2018,51.4278289,-0.1758177,Afternoon Rush
10/06/2018,51.5127939,-0.1288519,Midday
11/06/2018,51.517477,-0.1957965,Midday
09/06/2018,51.5739509,-0.2217732,Afternoon Rush
10/06/2018,51.5267769,-0.1324905,Evening
11/06/2018,51.3008417,-0.1449422,Afternoon Rush
09/06/2018,51.6268192,-0.1372073,Evening
10/06/2018,51.540588,-0.0782867,Morning Rush
11/06/2018,51.6805385,-0.0469702,Midday
09/06/2018,51.4658393,0.0090338,Midday
10/06/2018,51.5307911,-0.0786154,Midday
11/06/2018,51.427186,-0.1896447,Midday
09/06/2018,51.496991,-0.1025916,Morning Rush
10/06/2018,51.4914566,-0.1110403,Evening
11/06/2018,51.4347375,-0.0352035,Midday
09/06/2018,51.4012077,-0.2559806,Midday
10/06/2018,51.548094,0.0159721,Midday
11/06/2018,51.4559087,-0.184418,Midday
09/06/2018,51.45702,-0.21881,Midday
10/06/2018,51.5144538,-0.1008095,Evening
11/06/2018,51.5366976,-0.0617492,Midday
09/06/2018,51.5282162,0.1059758,Evening
10/06/2018,51.5540843,-0.1371757,Midday
11/06/2018,51.5083719,-0.2773165,Midday
09/06/2018,51.5483272,-0.0652541,Evening
10/06/2018,51.4745762,-0.1322778,Midday
11/06/2018,51.496991,-0.1025916,Evening
09/06/2018,51.4844081,-0.0845691,Early Morning
10/06/2018,51.5830128,-0.019886,Early Morning
11/06/2018,51.6078011,-0.3984093,Midday
09/06/2018,51.5844176,-0.358428,Evening
10/06/2018,51.4752475,-0.038952,Evening
11/06/2018,51.637908,-0.3551691,Afternoon Rush
09/06/2018,51.5611836,-0.1971136,Midday
10/06/2018,51.6477826,-0.0416978,Midday
11/06/2018,51.455521,-0.2430848,Midday
09/06/2018,51.49177,0.12345,Morning Rush
10/06/2018,51.538948,-0.1385211,Midday
11/06/2018,51.5054564,-0.0753565,Evening
09/06/2018,51.562427,-0.364625,Midday
10/06/2018,51.6304448,-0.0926259,Midday
11/06/2018,51.579994,-0.337852,Midday
09/06/2018,51.6672119,-0.2823302,Morning Rush
10/06/2018,51.5383837,-0.2991295,Midday
11/06/2018,51.4697374,-0.3583245,Midday
09/06/2018,51.4844393,-0.1246751,Midday
10/06/2018,51.4579512,-0.0131307,Midday
11/06/2018,51.5120397,0.0651043,Midday
09/06/2018,51.5799319,-0.0154035,Afternoon Rush
10/06/2018,51.4267396,-0.169365,Evening
11/06/2018,51.5270291,-0.1949567,Midday
09/06/2018,51.5264736,-0.4604926,Midday
10/06/2018,51.6251502,-0.152936,Midday
11/06/2018,51.4780345,0.1364733,Midday
09/06/2018,51.5613977,-0.2557734,Evening
10/06/2018,51.526243,-0.0665823,Midday
11/06/2018,51.5496957,-0.0709942,Evening
09/06/2018,51.5495317,-0.036453,Midday
10/06/2018,51.5038855,-0.2206328,Midday
11/06/2018,51.496991,-0.1025916,Midday
09/06/2018,51.5752892,-0.0082055,Early Morning
10/06/2018,51.5604313,-0.2357729,Midday
11/06/2018,51.5083356,-0.154349,Afternoon Rush
09/06/2018,51.5267769,-0.1324905,Afternoon Rush
10/06/2018,51.4968087,0.005467,Midday
11/06/2018,51.5246777,-0.0808492,Midday
09/06/2018,51.5904557,-0.1034463,Midday
10/06/2018,51.5178866,-0.0898442,Midday
11/06/2018,51.5904557,-0.1034463,Afternoon Rush
09/06/2018,51.5904557,-0.1034463,Afternoon Rush
10/06/2018,51.4474695,-0.0183032,Midday
11/06/2018,51.4752475,-0.038952,Morning Rush
09/06/2018,51.4754048,-0.098688,Midday
10/06/2018,51.3942372,-0.2094405,Morning Rush
11/06/2018,51.5586671,-0.1786566,Morning Rush
09/06/2018,51.4616056,-0.1736544,Afternoon Rush
10/06/2018,51.5112079,-0.1193447,Morning Rush
11/06/2018,51.5605525,-0.0739315,Afternoon Rush
09/06/2018,51.4747037,-0.1104452,Midday
10/06/2018,51.496991,-0.1025916,Afternoon Rush
11/06/2018,51.4569487,0.1462873,Midday
09/06/2018,51.4673746,0.1338169,Midday
10/06/2018,51.5031196,-0.3070994,Evening
11/06/2018,51.5334636,-0.1286428,Afternoon Rush
09/06/2018,51.5101602,-0.287387,Afternoon Rush
10/06/2018,51.4851766,-0.1743563,Afternoon Rush
11/06/2018,51.4493611,-0.074535,Midday
09/06/2018,51.5923196,-0.3275492,Morning Rush
10/06/2018,51.4474445,-0.1194092,Morning Rush
11/06/2018,51.5092588,-0.1965628,Evening
09/06/2018,51.4745762,-0.1322778,Morning Rush
10/06/2018,51.4752475,-0.038952,Midday
11/06/2018,51.538265,0.014525,Midday
09/06/2018,51.4228425,-0.0768351,Midday
10/06/2018,51.4671379,-0.0907817,Afternoon Rush
11/06/2018,51.4844081,-0.0845691,Midday
09/06/2018,51.5555608,-0.0613785,Midday
10/06/2018,51.44442,0.03194,Morning Rush
11/06/2018,51.5775519,-0.1486134,Morning Rush
09/06/2018,51.5904557,-0.1034463,Afternoon Rush
10/06/2018,51.5176242,-0.2101804,Afternoon Rush
11/06/2018,51.4318781,-0.0605204,Midday
09/06/2018,51.4989446,0.060858,Early Morning
10/06/2018,51.4405003,-0.1516194,Midday
11/06/2018,51.4633562,-0.1685463,Afternoon Rush
09/06/2018,51.6519798,-0.0811328,Midday
10/06/2018,51.5482632,-0.0440909,Midday
11/06/2018,51.5613559,0.2258542,Early Morning
09/06/2018,51.548837,-0.0843138,Morning Rush
10/06/2018,51.5612551,-0.1368691,Midday
11/06/2018,51.5131221,-0.1406151,Afternoon Rush
09/06/2018,51.511537,-0.1763168,Morning Rush
10/06/2018,51.5737134,-0.2355628,Evening
11/06/2018,51.547037,-0.0511173,Evening
09/06/2018,51.5613559,0.2258542,Early Morning
10/06/2018,51.5132108,-0.1972198,Midday
11/06/2018,51.5394371,0.0810875,Midday
09/06/2018,51.6179867,-0.2253319,Midday
10/06/2018,51.61593,-0.0285,Midday
11/06/2018,51.5904557,-0.1034463,Evening
09/06/2018,51.5217101,0.0123519,Midday
10/06/2018,51.5287766,0.03377,Midday
11/06/2018,51.5149226,-0.1448236,Midday
09/06/2018,51.3723632,-0.098523,Evening
10/06/2018,51.488155,0.031169,Evening
11/06/2018,51.5268217,-0.0772905,Afternoon Rush
09/06/2018,51.495076,-0.099071,Midday
10/06/2018,51.5757636,-0.2041651,Morning Rush
11/06/2018,51.4384839,-0.2474378,Afternoon Rush
09/06/2018,51.4228425,-0.0768351,Morning Rush
10/06/2018,51.3963785,-0.106261,Midday
11/06/2018,51.5101602,-0.287387,Midday
09/06/2018,51.5227912,-0.1712236,Midday
10/06/2018,51.5706881,-0.024361,Afternoon Rush
11/06/2018,51.4932962,-0.224069,Morning Rush
09/06/2018,51.5475268,0.0355317,Afternoon Rush
10/06/2018,51.5869087,-0.215652,Midday
11/06/2018,51.538948,-0.1385211,Morning Rush
09/06/2018,51.3963785,-0.106261,Midday
10/06/2018,51.472791,-0.203374,Evening
11/06/2018,51.5459123,-0.2516676,Midday
09/06/2018,51.5385923,0.0333744,Morning Rush
10/06/2018,51.5811044,-0.0861466,Midday
11/06/2018,51.4683735,-0.366141,Midday
09/06/2018,51.5313953,-0.1140985,Evening
10/06/2018,51.6161559,-0.1727219,Midday
11/06/2018,51.6076035,0.0202373,Midday
09/06/2018,51.469529,-0.2666406,Evening
10/06/2018,51.496991,-0.1025916,Midday
11/06/2018,51.4780368,-0.0837153,Midday
09/06/2018,51.3550607,-0.2713607,Midday
10/06/2018,51.4267396,-0.169365,Afternoon Rush
11/06/2018,51.5099695,-0.1349712,Early Morning
09/06/2018,51.5189796,-0.16859,Evening
10/06/2018,51.6544624,-0.2015928,Morning Rush
11/06/2018,51.462046,0.1106432,Midday
09/06/2018,51.5443146,-0.2113465,Midday
10/06/2018,51.5611836,-0.1971136,Early Morning
11/06/2018,51.5371821,-0.1395841,Evening
09/06/2018,51.3390996,-0.008573,Evening
10/06/2018,51.5215705,-0.3130579,Morning Rush
11/06/2018,51.5462086,-0.0624274,Afternoon Rush
09/06/2018,51.5092588,-0.1965628,Afternoon Rush
10/06/2018,51.4690001,-0.2390109,Morning Rush
11/06/2018,51.43511,-0.01779055,Morning Rush
09/06/2018,51.4732898,-0.0435757,Morning Rush
10/06/2018,51.4652098,-0.0131213,Morning Rush
11/06/2018,51.5034724,-0.1045635,Evening
09/06/2018,51.5672276,-0.0791421,Morning Rush
10/06/2018,51.5189796,-0.16859,Midday
11/06/2018,51.5189796,-0.16859,Midday
09/06/2018,51.5112079,-0.1193447,Evening
10/06/2018,51.5492629,0.1021538,Midday
11/06/2018,51.535453,-0.2438445,Afternoon Rush
09/06/2018,51.5904557,-0.1034463,Evening
10/06/2018,51.5123373,-0.2249677,Morning Rush
11/06/2018,51.5705582,-0.0960841,Evening
09/06/2018,51.5487022,-0.1526484,Midday
10/06/2018,51.5287766,0.03377,Midday
11/06/2018,51.5504444,0.0347153,Evening
09/06/2018,51.4844081,-0.0845691,Midday
10/06/2018,51.474191,-0.069137,Midday
11/06/2018,51.5113413,-0.0112808,Midday
09/06/2018,51.4267396,-0.169365,Midday
10/06/2018,51.5299692,-0.1386917,Evening
11/06/2018,51.5460055,-0.1486374,Afternoon Rush
09/06/2018,51.5154291,-0.1188796,Midday
10/06/2018,51.52,-0.17,Early Morning
11/06/2018,51.5904557,-0.1034463,Afternoon Rush
09/06/2018,51.4722042,-0.1127279,Midday
10/06/2018,51.42453,-0.163372,Midday
11/06/2018,51.5475268,0.0355317,Midday
09/06/2018,51.4704175,-0.2440004,Midday
10/06/2018,51.6522994,-0.0807119,Midday
11/06/2018,51.55804,0.10838904,Evening
09/06/2018,51.5743335,0.1825884,Morning Rush
10/06/2018,51.507309,-0.128012,Evening
11/06/2018,51.4614044,-0.0130866,Afternoon Rush
09/06/2018,51.496991,-0.1025916,Afternoon Rush
10/06/2018,51.4200179,-0.1762188,Afternoon Rush
11/06/2018,51.496991,-0.1025916,Afternoon Rush
09/06/2018,51.5475268,0.0355317,Midday
10/06/2018,51.588497,0.0808084,Midday
11/06/2018,51.4420483,-0.154071,Morning Rush
09/06/2018,51.41638,-0.18140377,Morning Rush
10/06/2018,51.5227488,-0.1064032,Midday
11/06/2018,51.6854571,-0.0248346,Midday
09/06/2018,51.5942369,-0.4092921,Midday
10/06/2018,51.496991,-0.1025916,Midday
11/06/2018,51.4552882,-0.1146994,Morning Rush
09/06/2018,51.4474695,-0.0183032,Evening
10/06/2018,51.4450791,-0.0071475,Afternoon Rush
11/06/2018,51.5348575,0.0514763,Midday
09/06/2018,51.496991,-0.1025916,Morning Rush
10/06/2018,51.3637792,-0.0985817,Evening
11/06/2018,51.58,-0.04,Afternoon Rush
09/06/2018,51.464744,-0.13816,Midday
10/06/2018,51.5356885,-0.4258344,Midday
11/06/2018,51.470448,-0.4913038,Midday
09/06/2018,51.5092588,-0.1965628,Afternoon Rush
10/06/2018,51.4851766,-0.1743563,Afternoon Rush
11/06/2018,51.5706881,-0.024361,Midday
09/06/2018,51.5149226,-0.1448236,Midday
10/06/2018,51.6469426,-0.1910451,Midday
11/06/2018,51.520694,0.008235,Morning Rush
09/06/2018,51.5904557,-0.1034463,Midday
10/06/2018,51.5838724,0.1639421,Midday
11/06/2018,51.4232141,-0.1222895,Midday
09/06/2018,51.5287766,0.03377,Afternoon Rush
10/06/2018,51.5904557,-0.1034463,Midday
11/06/2018,51.5525771,0.093778,Midday
09/06/2018,51.4355029,-0.4712865,Midday
10/06/2018,51.6241963,-0.11866,Evening
11/06/2018,51.5887985,-0.2530567,Midday
09/06/2018,51.5083479,-0.1517039,Midday
10/06/2018,51.5537082,-0.2611621,Midday
11/06/2018,51.407057,0.006757,Early Morning
09/06/2018,51.444055,-0.020264,Evening
10/06/2018,51.5564213,0.0652347,Midday
11/06/2018,51.5385923,0.0333744,Midday
09/06/2018,51.5446123,0.008403,Afternoon Rush
10/06/2018,51.5120397,0.0651043,Midday
11/06/2018,51.3803117,-0.1844186,Midday
09/06/2018,51.5149226,-0.1448236,Early Morning
10/06/2018,51.5607695,-0.2063081,Evening
11/06/2018,51.451735,0.075542,Early Morning
09/06/2018,51.5904557,-0.1034463,Afternoon Rush
10/06/2018,51.5137859,-0.130116,Afternoon Rush
11/06/2018,51.5176464,-0.434223,Evening
09/06/2018,51.5255297,-0.0881803,Afternoon Rush
10/06/2018,51.538265,0.014525,Morning Rush
11/06/2018,51.5191722,0.0042886,Morning Rush
09/06/2018,51.5191722,0.0042886,Morning Rush
10/06/2018,51.5287766,0.03377,Evening
11/06/2018,51.4409636,-0.1869488,Midday
09/06/2018,51.5251622,-0.16412,Midday
10/06/2018,51.3910944,-0.0234051,Midday
11/06/2018,51.5101602,-0.287387,Midday
09/06/2018,51.487769,-0.2037122,Evening
10/06/2018,51.4124075,-0.2093686,Midday
11/06/2018,51.486112,-0.108178,Early Morning
09/06/2018,51.4434263,-0.0152678,Evening
10/06/2018,51.5184777,-0.0304789,Midday
11/06/2018,51.4689598,0.1099092,Midday
09/06/2018,51.5260286,-0.2050146,Midday
10/06/2018,51.5260286,-0.2050146,Afternoon Rush
11/06/2018,51.4039545,0.0202265,Evening
09/06/2018,51.5564134,-0.146276,Midday
10/06/2018,51.5454571,-0.141545,Morning Rush
11/06/2018,51.5412238,0.0103836,Evening
09/06/2018,51.3963785,-0.106261,Evening
10/06/2018,51.4608942,0.0514139,Morning Rush
11/06/2018,51.481395,-0.2180887,Midday
09/06/2018,51.6040396,-0.348609,Midday
10/06/2018,51.464744,-0.13816,Morning Rush
11/06/2018,51.4697374,-0.3583245,Morning Rush
09/06/2018,51.5686949,-0.1188106,Midday
10/06/2018,51.491772,-0.2533096,Morning Rush
11/06/2018,51.4792413,-0.0941685,Midday
09/06/2018,51.4603233,-0.0603926,Afternoon Rush
10/06/2018,51.543971,0.1662577,Morning Rush
11/06/2018,51.5260286,-0.2050146,Afternoon Rush
09/06/2018,51.5333992,-0.1404929,Afternoon Rush
10/06/2018,51.40996,-0.08693,Midday
11/06/2018,51.513238,-0.3041448,Early Morning
09/06/2018,51.5741294,0.1973919,Morning Rush
10/06/2018,51.4704175,-0.2440004,Afternoon Rush
11/06/2018,51.4722042,-0.1127279,Morning Rush
09/06/2018,51.5024427,-0.110216,Afternoon Rush
10/06/2018,51.4704175,-0.2440004,Morning Rush
11/06/2018,51.5535068,-0.24372,Midday
09/06/2018,51.579128,-0.3186405,Afternoon Rush
10/06/2018,51.4653416,-0.0311541,Midday
11/06/2018,51.5267769,-0.1324905,Afternoon Rush
09/06/2018,51.522692,-0.3315901,Evening
10/06/2018,51.5538891,-0.0748139,Evening
11/06/2018,51.4801638,-0.1962955,Evening
09/06/2018,51.4697374,-0.3583245,Midday
10/06/2018,51.4104822,-0.2988428,Midday
11/06/2018,51.3679891,-0.3064352,Afternoon Rush
09/06/2018,51.4745762,-0.1322778,Evening
10/06/2018,51.496991,-0.1025916,Midday
11/06/2018,51.4278223,-0.102288,Afternoon Rush
09/06/2018,51.464007,-0.3014498,Morning Rush
10/06/2018,51.4671379,-0.0907817,Midday
11/06/2018,51.6043121,-0.1469601,Midday
09/06/2018,51.5828117,-0.0182881,Midday
10/06/2018,51.6241963,-0.11866,Midday
11/06/2018,51.5202997,-0.1339967,Evening
09/06/2018,51.5836824,-0.16024,Morning Rush
10/06/2018,51.583896,-0.1467726,Afternoon Rush
11/06/2018,51.5370923,-0.1833775,Early Morning
09/06/2018,51.4031245,-0.1040731,Midday
10/06/2018,51.391001,-0.105823,Midday
11/06/2018,51.5418925,-0.0552366,Midday
09/06/2018,51.5705582,-0.0960841,Midday
10/06/2018,51.5703382,0.1794394,Afternoon Rush
11/06/2018,51.53396,-0.4120274,Afternoon Rush
09/06/2018,51.4971983,-0.1589768,Midday
10/06/2018,51.4017136,-0.3044526,Afternoon Rush
11/06/2018,51.5417266,0.0505651,Midday
09/06/2018,51.4133848,-0.2131321,Midday
10/06/2018,51.495076,-0.099071,Midday
11/06/2018,51.3706652,-0.2078867,Midday
09/06/2018,51.5417416,0.0392191,Midday
10/06/2018,51.5706881,-0.024361,Morning Rush
11/06/2018,51.455521,-0.2430848,Afternoon Rush
09/06/2018,51.4763596,0.0154459,Midday
10/06/2018,51.5552586,-0.2501015,Afternoon Rush
11/06/2018,51.444055,-0.020264,Midday
09/06/2018,51.5918,-0.28347,Afternoon Rush
10/06/2018,51.40996,-0.08693,Midday
11/06/2018,51.566256,-0.073629,Morning Rush
09/06/2018,51.4719288,-0.0804188,Midday
10/06/2018,51.3729684,-0.304822,Midday
11/06/2018,51.4255978,-0.1308087,Midday
09/06/2018,51.503853,-0.321554,Midday
10/06/2018,51.4409636,-0.1869488,Midday
11/06/2018,51.5287766,0.03377,Afternoon Rush
09/06/2018,51.5287766,0.03377,Midday
10/06/2018,51.481315,-0.066608,Midday
11/06/2018,51.5113413,-0.0112808,Afternoon Rush
09/06/2018,51.5149226,-0.1448236,Midday
10/06/2018,51.6027371,-0.2700049,Evening
11/06/2018,51.240652,-0.1665433,Morning Rush
09/06/2018,51.5101602,-0.287387,Morning Rush
10/06/2018,51.4548193,0.0774897,Midday
11/06/2018,51.4851766,-0.1743563,Afternoon Rush
09/06/2018,51.4944424,-0.2165579,Evening
10/06/2018,51.4803029,-0.4496499,Early Morning
11/06/2018,51.5621415,-0.1170687,Midday
09/06/2018,51.4927684,-0.1570174,Evening
10/06/2018,51.4533088,-0.1205905,Evening
11/06/2018,51.347835,-0.1509512,Midday
09/06/2018,51.3585579,-0.1541188,Afternoon Rush
10/06/2018,51.3655594,-0.1934505,Midday
11/06/2018,51.4409636,-0.1869488,Afternoon Rush
09/06/2018,51.6059791,-0.2643364,Morning Rush
10/06/2018,51.5864407,-0.3070083,Morning Rush
11/06/2018,51.4704175,-0.2440004,Midday
09/06/2018,51.4895572,0.1184857,Evening
10/06/2018,51.5034724,-0.1045635,Midday
11/06/2018,51.4086385,-0.0595237,Midday
09/06/2018,51.4514286,0.0329256,Evening
10/06/2018,51.5101602,-0.287387,Midday
11/06/2018,51.5137859,-0.130116,Midday
09/06/2018,51.647615,-0.35842,Midday
10/06/2018,51.5164907,-0.0940443,Evening
11/06/2018,51.5687285,0.181261,Morning Rush
09/06/2018,51.5696323,-0.3900897,Midday
10/06/2018,51.5176242,-0.2101804,Afternoon Rush
11/06/2018,51.3942736,-0.3018218,Midday
09/06/2018,51.4191859,-0.2001305,Evening
10/06/2018,51.4780368,-0.0837153,Midday
11/06/2018,51.6178247,0.0005881,Morning Rush
09/06/2018,51.5112079,-0.1193447,Afternoon Rush
10/06/2018,51.5123373,-0.2249677,Afternoon Rush
11/06/2018,51.487769,-0.2037122,Afternoon Rush
09/06/2018,51.471743,-0.0795328,Morning Rush
10/06/2018,51.5135987,-0.3924769,Afternoon Rush
11/06/2018,51.505414,-0.4540274,Afternoon Rush
09/06/2018,51.5904557,-0.1034463,Midday
10/06/2018,51.6061468,-0.0884635,Midday
11/06/2018,51.4808599,-0.4231366,Midday
09/06/2018,51.5990866,-0.1333376,Midday
10/06/2018,51.4738891,-0.0684374,Midday
11/06/2018,51.4526,-0.249049,Morning Rush
09/06/2018,51.6544624,-0.2015928,Morning Rush
10/06/2018,51.5910991,-0.2460556,Midday
11/06/2018,51.4591226,0.1277055,Morning Rush
09/06/2018,51.4288243,-0.089791,Midday
10/06/2018,51.5278965,-0.015745,Morning Rush
11/06/2018,51.5131893,-0.3169206,Evening
09/06/2018,51.3747918,0.1025454,Midday
10/06/2018,51.496991,-0.1025916,Midday
11/06/2018,51.5101602,-0.287387,Midday
09/06/2018,51.4743569,-0.022454,Afternoon Rush
10/06/2018,51.4517864,0.0754258,Evening
11/06/2018,51.5101602,-0.287387,Morning Rush
09/06/2018,51.4769571,-0.2096899,Midday
10/06/2018,51.4668659,-0.1428117,Afternoon Rush
11/06/2018,51.5594957,0.2870856,Midday
09/06/2018,51.4070311,-0.1638985,Midday
10/06/2018,51.5383371,0.006971,Morning Rush
11/06/2018,51.4512375,-0.3827014,Morning Rush
09/06/2018,51.4774418,-0.1690305,Midday
10/06/2018,51.4763596,0.0154459,Early Morning
11/06/2018,51.556756,-0.2152576,Early Morning
09/06/2018,51.444055,-0.020264,Midday
10/06/2018,51.496991,-0.1025916,Midday
11/06/2018,51.5256384,-0.2921816,Afternoon Rush
09/06/2018,51.4745909,0.0240901,Morning Rush
10/06/2018,51.5353887,-0.0891613,Midday
11/06/2018,51.509133,-0.130189,Midday
09/06/2018,51.4697374,-0.3583245,Afternoon Rush
10/06/2018,51.4585658,0.0012296,Morning Rush
11/06/2018,51.3916595,-0.1880682,Midday
09/06/2018,51.6303057,0.0353188,Afternoon Rush
10/06/2018,51.5904557,-0.1034463,Midday
11/06/2018,51.503748,-0.239133,Midday
09/06/2018,51.4590204,-0.1795822,Morning Rush
10/06/2018,51.5189796,-0.16859,Evening
11/06/2018,51.3740813,-0.0135445,Afternoon Rush
09/06/2018,51.5611836,-0.1971136,Morning Rush
10/06/2018,51.5478561,-0.1605106,Midday
11/06/2018,51.4904471,-0.2772377,Midday
09/06/2018,51.3275721,-0.0981892,Midday
10/06/2018,51.575736,-0.3484538,Midday
11/06/2018,51.5139933,-0.4733917,Midday
09/06/2018,51.5101602,-0.287387,Morning Rush
10/06/2018,51.5434163,-0.1174761,Midday
11/06/2018,51.4682221,-0.1187937,Midday
09/06/2018,51.5052595,-0.0869379,Midday
10/06/2018,51.5052595,-0.0869379,Midday
11/06/2018,51.4737871,-0.0674146,Morning Rush
09/06/2018,51.5052595,-0.0869379,Afternoon Rush
10/06/2018,51.4538908,-0.069784,Afternoon Rush
11/06/2018,51.495076,-0.099071,Midday
09/06/2018,51.3797645,-0.2016084,Midday
10/06/2018,51.6196675,-0.1463267,Midday
11/06/2018,51.5037939,-0.0981732,Afternoon Rush
09/06/2018,51.4507618,0.0561553,Midday
10/06/2018,51.5310992,-0.0677986,Midday
11/06/2018,51.585346,-0.2838311,Midday
09/06/2018,51.4423354,-0.3876966,Evening
10/06/2018,51.5258278,-0.1040182,Morning Rush
11/06/2018,51.4255978,-0.1308087,Midday
09/06/2018,51.475889,-0.14958,Early Morning
10/06/2018,51.574097,0.080387,Midday
11/06/2018,51.50722,-0.1275,Midday
09/06/2018,51.55912,0.06971,Midday
10/06/2018,51.5149226,-0.1448236,Midday
11/06/2018,51.5645,-0.2626701,Midday
09/06/2018,51.5305607,0.034984,Early Morning
10/06/2018,51.5202997,-0.1339967,Afternoon Rush
11/06/2018,51.6268192,-0.1372073,Midday
09/06/2018,51.4277453,-0.1046164,Midday
10/06/2018,51.547265,0.120221,Midday
11/06/2018,51.5287766,0.03377,Midday
09/06/2018,51.5945442,-0.284354,Afternoon Rush
10/06/2018,51.510994,-0.08723846,Evening
11/06/2018,51.4471381,-0.212723,Midday
09/06/2018,51.557419,-0.335671,Morning Rush
10/06/2018,51.557419,-0.335671,Morning Rush
11/06/2018,51.486633,0.0037051,Midday
09/06/2018,51.481395,-0.2180887,Morning Rush
10/06/2018,51.4745762,-0.1322778,Morning Rush
11/06/2018,51.444557,-0.0244874,Midday
09/06/2018,51.50575,-0.22786213,Midday
10/06/2018,51.353608,-0.18955,Afternoon Rush
11/06/2018,51.4214031,-0.2274998,Early Morning
09/06/2018,51.5189796,-0.16859,Midday
10/06/2018,51.5260286,-0.2050146,Evening
11/06/2018,51.5287766,0.03377,Midday
09/06/2018,51.453341,0.13822,Midday
10/06/2018,51.5133156,-0.116637,Morning Rush
11/06/2018,51.58879,-0.0634168,Midday
09/06/2018,51.4493611,-0.074535,Morning Rush
10/06/2018,51.6054191,-0.1222659,Midday
11/06/2018,51.5892163,-0.1581504,Midday
09/06/2018,51.402869,-0.166709,Morning Rush
10/06/2018,51.496991,-0.1025916,Midday
11/06/2018,51.5699815,0.1294342,Midday
09/06/2018,51.4629268,-0.2265511,Evening
10/06/2018,51.5828117,-0.0182881,Midday
11/06/2018,51.4616972,-0.1887703,Afternoon Rush
09/06/2018,51.511537,-0.1763168,Midday
10/06/2018,51.5004515,-0.0784682,Evening
11/06/2018,51.631068,-0.151271,Midday
09/06/2018,51.3028845,-0.1184085,Afternoon Rush
10/06/2018,51.5904557,-0.1034463,Morning Rush
11/06/2018,51.5291522,-0.0951597,Afternoon Rush
09/06/2018,51.4070056,-0.2289961,Evening
10/06/2018,51.3692974,-0.1993344,Morning Rush
11/06/2018,51.5159575,-0.2640633,Morning Rush
09/06/2018,51.5570443,-0.1184111,Afternoon Rush
10/06/2018,51.496991,-0.1025916,Morning Rush
11/06/2018,51.4473951,-0.0416563,Midday
09/06/2018,51.558234,0.0761023,Midday
10/06/2018,51.5487022,-0.1526484,Evening
11/06/2018,51.3596681,-0.1911606,Afternoon Rush
09/06/2018,51.5275902,-0.0231065,Evening
10/06/2018,51.4711635,-0.1774239,Midday
11/06/2018,51.5757636,-0.2041651,Midday
09/06/2018,51.3826098,0.107389,Midday
10/06/2018,51.4880166,0.0696251,Evening
11/06/2018,51.5299692,-0.1386917,Morning Rush
09/06/2018,51.5101602,-0.287387,Afternoon Rush
10/06/2018,51.4359448,0.0680883,Evening
11/06/2018,51.5960038,-0.0720561,Midday
09/06/2018,51.4704175,-0.2440004,Midday
10/06/2018,51.5067896,-0.0072478,Evening
11/06/2018,51.5224147,-0.2716343,Afternoon Rush
09/06/2018,51.5395187,-0.1024406,Afternoon Rush
10/06/2018,51.4949409,-0.1846011,Midday
11/06/2018,51.4855634,-0.0703596,Midday
09/06/2018,51.5287766,0.03377,Midday
10/06/2018,51.5418206,0.0505307,Morning Rush
11/06/2018,51.495076,-0.099071,Midday
09/06/2018,51.4618534,-0.2055491,Midday
10/06/2018,51.529251,-0.0202285,Afternoon Rush
11/06/2018,51.5285405,-0.018845,Early Morning
09/06/2018,51.4333389,-0.2190016,Midday
10/06/2018,51.6632415,-0.0271221,Evening
11/06/2018,51.5483272,-0.0652541,Midday
09/06/2018,51.551623,-0.0657178,Midday
10/06/2018,51.5681778,-0.1309232,Midday
11/06/2018,51.5176242,-0.2101804,Midday
09/06/2018,51.4255978,-0.1308087,Evening
10/06/2018,51.5418206,0.0505307,Midday
11/06/2018,51.5229669,0.0356252,Evening
09/06/2018,51.5468068,-0.1141164,Evening
10/06/2018,51.5828117,-0.0182881,Midday
11/06/2018,51.5752892,-0.0082055,Midday
09/06/2018,51.39324,-0.08648,Evening
10/06/2018,51.4873907,0.0269115,Midday
11/06/2018,51.4900017,0.0689383,Morning Rush
09/06/2018,51.4792413,-0.0941685,Afternoon Rush
10/06/2018,51.5149226,-0.1448236,Midday
11/06/2018,51.5904557,-0.1034463,Midday
09/06/2018,51.5409107,-0.1967427,Midday
10/06/2018,51.5146167,-0.0758582,Midday
11/06/2018,51.4086385,-0.0595237,Morning Rush
09/06/2018,51.5276501,-0.3389393,Afternoon Rush
10/06/2018,51.597107,-0.140129,Afternoon Rush
11/06/2018,51.4176576,-0.2044489,Evening
09/06/2018,51.455535,0.0222661,Midday
10/06/2018,51.496991,-0.1025916,Afternoon Rush
11/06/2018,51.4578312,-0.1921166,Midday
09/06/2018,51.4484455,-0.1992768,Early Morning
10/06/2018,51.5131221,-0.1406151,Afternoon Rush
11/06/2018,51.5827209,-0.023316,Afternoon Rush
09/06/2018,51.5827209,-0.023316,Afternoon Rush
10/06/2018,51.582645,-0.019422,Morning Rush
11/06/2018,51.5612551,-0.1368691,Evening
09/06/2018,51.5632697,-0.3677128,Midday
10/06/2018,51.5800787,0.1793839,Midday
11/06/2018,51.4445854,-0.0233787,Midday
09/06/2018,51.4070311,-0.1638985,Midday
10/06/2018,51.419982,-0.362728,Midday
11/06/2018,51.5759524,-0.2223992,Afternoon Rush
09/06/2018,51.5777741,-0.125708,Morning Rush
10/06/2018,51.5904557,-0.1034463,Afternoon Rush
11/06/2018,51.5409107,-0.1967427,Evening
09/06/2018,51.3645438,0.0558159,Afternoon Rush
10/06/2018,51.5935274,-0.0707988,Midday
11/06/2018,51.517854,-0.1237003,Afternoon Rush
09/06/2018,51.5965346,-0.3831039,Midday
10/06/2018,51.4656441,-0.1029496,Midday
11/06/2018,51.4993148,-0.3057881,Midday
09/06/2018,51.4478471,-0.1465179,Midday
10/06/2018,51.5737498,-0.1449538,Evening
11/06/2018,51.5570443,-0.1184111,Evening
09/06/2018,51.5176242,-0.2101804,Midday
10/06/2018,51.491548,-0.1940855,Midday
11/06/2018,51.4785935,-0.0975226,Midday
09/06/2018,51.4019793,-0.2369162,Midday
10/06/2018,51.4674889,-0.1582611,Afternoon Rush
11/06/2018,51.5843898,-0.2645756,Morning Rush
09/06/2018,51.4780345,0.1364733,Evening
10/06/2018,51.5409107,-0.1967427,Midday
11/06/2018,51.556756,-0.2152576,Afternoon Rush
09/06/2018,51.5459123,-0.2516676,Evening
10/06/2018,51.5482632,-0.0440909,Midday
11/06/2018,51.5904557,-0.1034463,Afternoon Rush
09/06/2018,51.580559,-0.341995,Afternoon Rush
10/06/2018,51.4786563,-0.3829947,Afternoon Rush
11/06/2018,51.4738594,-0.3658363,Midday
09/06/2018,51.4940413,-0.1950471,Midday
10/06/2018,51.4949409,-0.1846011,Afternoon Rush
11/06/2018,51.4597343,-0.122205,Midday
09/06/2018,51.496991,-0.1025916,Midday
10/06/2018,51.4695936,-0.0682137,Midday
11/06/2018,51.5376617,-0.0587948,Midday
09/06/2018,51.5422724,-0.1224187,Midday
10/06/2018,51.5604313,-0.2357729,Afternoon Rush
11/06/2018,51.539992,-0.1368111,Evening
09/06/2018,51.519616,-0.1218432,Morning Rush
10/06/2018,51.5101602,-0.287387,Evening
11/06/2018,51.4875234,0.0905888,Evening
09/06/2018,51.4944424,-0.2165579,Midday
10/06/2018,51.5805913,0.219994,Afternoon Rush
11/06/2018,51.4656441,-0.1029496,Afternoon Rush
09/06/2018,51.5493988,-0.0894932,Evening
10/06/2018,51.4405866,0.0181938,Afternoon Rush
11/06/2018,51.4743569,-0.022454,Midday
09/06/2018,51.543644,-0.0553464,Morning Rush
10/06/2018,51.5404219,-0.0698326,Morning Rush
11/06/2018,51.507356,-0.0110515,Midday
09/06/2018,51.6044861,-0.2589462,Midday
10/06/2018,51.5269301,-0.1002733,Afternoon Rush
11/06/2018,51.5101602,-0.287387,Morning Rush
09/06/2018,51.522692,-0.3315901,Midday
10/06/2018,51.5213552,-0.0776565,Evening
11/06/2018,51.5255297,-0.0881803,Evening
09/06/2018,51.55,-0.1,Morning Rush
10/06/2018,51.4998708,-0.1858888,Evening
11/06/2018,51.4415283,-0.1248256,Midday
09/06/2018,51.464603,-0.012433728,Evening
10/06/2018,51.4226948,-0.0394395,Afternoon Rush
11/06/2018,51.5475268,0.0355317,Midday
09/06/2018,51.3823984,0.0998248,Evening
10/06/2018,51.5287376,-0.1157106,Evening
11/06/2018,51.5443146,-0.2113465,Evening
09/06/2018,51.5904557,-0.1034463,Midday
10/06/2018,51.4870641,0.0653036,Evening
11/06/2018,51.5483272,-0.0652541,Midday
09/06/2018,51.5800787,0.1793839,Midday
10/06/2018,51.5747321,0.182728,Midday
11/06/2018,51.5401202,-0.2121666,Evening
09/06/2018,51.4423354,-0.3876966,Midday
10/06/2018,51.4512853,-0.0299781,Morning Rush
11/06/2018,51.5101233,-0.0861167,Afternoon Rush
09/06/2018,51.42453,-0.163372,Early Morning
10/06/2018,51.5233012,-0.3058158,Midday
11/06/2018,51.5121693,-0.2543277,Midday
09/06/2018,51.4842198,0.0554178,Midday
10/06/2018,51.5101602,-0.287387,Morning Rush
11/06/2018,51.49852,-0.11035484,Midday
09/06/2018,51.4156485,-0.2185648,Evening
10/06/2018,51.495076,-0.099071,Midday
11/06/2018,51.495552,-0.1296196,Afternoon Rush
09/06/2018,51.5267769,-0.1324905,Evening
10/06/2018,51.47693,0.0689344,Afternoon Rush
11/06/2018,51.5965155,-0.3355175,Evening
09/06/2018,51.4537979,-0.428149,Midday
10/06/2018,51.4731184,-0.3857443,Evening
11/06/2018,51.567542,-0.1099354,Midday
09/06/2018,51.4278711,-0.1240577,Morning Rush
10/06/2018,51.4434263,-0.0152678,Midday
11/06/2018,51.4752475,-0.038952,Morning Rush
09/06/2018,51.4228425,-0.0768351,Morning Rush
10/06/2018,51.5149226,-0.1448236,Morning Rush
11/06/2018,51.5499956,0.1427953,Early Morning
09/06/2018,51.6544624,-0.2015928,Midday
10/06/2018,51.5607695,-0.2063081,Midday
11/06/2018,51.4988733,-0.1336205,Evening
09/06/2018,51.4818671,0.1453414,Morning Rush
10/06/2018,51.5299692,-0.1386917,Midday
11/06/2018,51.477489,-0.07334,Afternoon Rush
09/06/2018,51.6206311,-0.0943925,Midday
10/06/2018,51.4436922,-0.0323417,Morning Rush
11/06/2018,51.623947,-0.0532101,Midday
09/06/2018,51.5540187,-0.053812,Morning Rush
10/06/2018,51.5904557,-0.1034463,Midday
11/06/2018,51.5844176,-0.358428,Midday
09/06/2018,51.5570443,-0.1184111,Afternoon Rush
10/06/2018,51.5164687,-0.2133694,Evening
11/06/2018,51.4722042,-0.1127279,Midday
09/06/2018,51.5648795,0.1103094,Midday
10/06/2018,51.4754048,-0.098688,Morning Rush
11/06/2018,51.4774418,-0.1690305,Midday
09/06/2018,51.6017995,-0.245858,Afternoon Rush
10/06/2018,51.3700713,0.0238212,Midday
11/06/2018,51.460133,-0.0978017,Afternoon Rush
09/06/2018,51.3666251,-0.0841648,Morning Rush
10/06/2018,51.5541533,-0.0570317,Midday
11/06/2018,51.5679868,-0.0729616,Evening
09/06/2018,51.5308579,-0.0401927,Afternoon Rush
10/06/2018,51.5398261,-0.1248492,Evening
11/06/2018,51.5100518,-0.1972885,Midday
09/06/2018,51.5055104,-0.1940892,Midday
10/06/2018,51.5487022,-0.1526484,Morning Rush
11/06/2018,51.4022536,-0.1947058,Midday
09/06/2018,51.4415283,-0.1248256,Afternoon Rush
10/06/2018,51.5287766,0.03377,Morning Rush
11/06/2018,51.4618534,-0.2055491,Midday
09/06/2018,51.506147,-0.3038944,Midday
10/06/2018,51.4972967,-0.1369785,Midday
11/06/2018,51.613132,-0.27493337,Evening
09/06/2018,51.3994905,-0.0746423,Midday
10/06/2018,51.5413528,0.0020909,Midday
11/06/2018,51.5132813,-0.0568389,Morning Rush
09/06/2018,51.5175001,-0.0826966,Morning Rush
10/06/2018,51.5632697,-0.3677128,Midday
11/06/2018,51.4998708,-0.1858888,Afternoon Rush
09/06/2018,51.465034,-0.11322881,Evening
10/06/2018,51.5743452,-0.0053186,Evening
11/06/2018,51.5275902,-0.0231065,Midday
09/06/2018,51.4660961,-0.2933737,Morning Rush
10/06/2018,51.4570337,-0.1938952,Midday
11/06/2018,51.4746704,-0.1543763,Midday
09/06/2018,51.5370923,-0.1833775,Afternoon Rush
10/06/2018,51.5510945,0.1451344,Midday
11/06/2018,51.5210299,0.1096788,Evening
09/06/2018,51.5611836,-0.1971136,Evening
10/06/2018,51.497529,-0.103219,Evening
11/06/2018,51.497529,-0.103219,Evening
09/06/2018,51.5459123,-0.2516676,Afternoon Rush
10/06/2018,51.5178866,-0.0898442,Midday
11/06/2018,51.5605525,-0.0739315,Midday
09/06/2018,51.6007371,0.2107811,Early Morning
10/06/2018,51.446737,-0.403969,Evening
11/06/2018,51.42476,-0.059399,Evening
09/06/2018,51.5475268,0.0355317,Afternoon Rush
10/06/2018,51.5475268,0.0355317,Afternoon Rush
11/06/2018,51.4629268,-0.2265511,Early Morning
09/06/2018,51.470406,-0.103023,Afternoon Rush
10/06/2018,51.51862,0.118781,Morning Rush
11/06/2018,51.4704175,-0.2440004,Midday
09/06/2018,51.5945837,-0.2410611,Midday
10/06/2018,51.5516128,0.0155278,Morning Rush
11/06/2018,51.4997422,-0.1141971,Evening
09/06/2018,51.4988733,-0.1336205,Midday
10/06/2018,51.543644,-0.0553464,Morning Rush
11/06/2018,51.4959135,-0.1442459,Midday
09/06/2018,51.4959135,-0.1442459,Midday
10/06/2018,51.4959135,-0.1442459,Morning Rush
11/06/2018,51.4959135,-0.1442459,Evening
09/06/2018,51.4959135,-0.1442459,Morning Rush
10/06/2018,51.4959135,-0.1442459,Early Morning
11/06/2018,51.4959135,-0.1442459,Midday